,playerName,completionPct,completions,ESPNQBRating,interceptionPct,interceptions,longPassing,netPassingYards,netPassingYardsPerGame,netTotalYards,netYardsPerGame,passingAttempts,passingBigPlays,passingFirstDowns,passingFumbles,passingFumblesLost,passingTouchdownPct,passingTouchdowns,passingYards,passingYardsAfterCatch,passingYardsAtCatch,passingYardsPerGame,QBRating,sacks,sackYardsLost,netPassingAttempts,teamGamesPlayed,totalOffensivePlays,totalPointsPerGame,totalTouchdowns,totalYards,twoPointPassConvs,twoPtPass,twoPtPassAttempts,yardsPerCompletion,yardsPerGame,yardsPerPassAttempt,netYardsPerPassAttempt,QBR
0,Patrick Mahomes,67.12999725341797,435.0,7760.0,1.8519999980926514,12.0,67.0,5062.0,297.76470947265625,5420.0,318.8235168457031,648.0,73.0,272.0,0.0,0.0,6.327000141143799,41.0,5250.0,2853.0,2397.0,308.8235168457031,105.15666961669922,26.0,188.0,674.0,17.0,735.0,1.4117647409439087,45.0,5614.0,-1.0,2.0,3.0,12.069000244140625,330.23529052734375,8.10200023651123,7.510385756676558,77.57
1,Justin Herbert,68.23999786376953,477.0,6189.0,1.430999994277954,10.0,55.0,4533.0,266.6470642089844,4680.0,275.29412841796875,699.0,49.0,228.0,4.0,3.0,3.5769999027252197,25.0,4739.0,2473.0,2266.0,278.76470947265625,93.16083526611328,38.0,206.0,737.0,17.0,791.0,0.0,25.0,4876.0,-1.0,1.0,1.0,9.9350004196167,286.8235168457031,6.78000020980835,6.150610583446404,59.64
2,Tom Brady,66.8489990234375,490.0,6174.0,1.2280000448226929,9.0,63.0,4534.0,266.70587158203125,4533.0,266.6470642089844,733.0,49.0,237.0,3.0,2.0,3.4110000133514404,25.0,4694.0,2285.0,2409.0,276.1176452636719,90.72750091552734,22.0,160.0,755.0,17.0,784.0,0.3529411852359772,26.0,4693.0,-1.0,2.0,6.0,9.579999923706055,276.058837890625,6.4039998054504395,6.005298013245033,52.5
3,Kirk Cousins,65.94100189208984,424.0,6157.0,2.177000045776367,14.0,66.0,4218.0,248.11764526367188,4315.0,253.8235321044922,643.0,46.0,230.0,5.0,3.0,4.510000228881836,29.0,4547.0,1965.0,2582.0,267.4705810546875,92.46333312988281,46.0,329.0,689.0,17.0,720.0,0.7058823704719543,31.0,4644.0,-1.0,3.0,4.0,10.723999977111816,273.1764831542969,7.072000026702881,6.121915820029027,51.76
4,Joe Burrow,68.31700134277344,414.0,6565.0,1.9800000190734863,12.0,60.0,4216.0,263.5,4473.0,279.5625,606.0,53.0,219.0,6.0,3.0,5.776000022888184,35.0,4475.0,2156.0,2319.0,279.6875,100.78417205810547,41.0,259.0,647.0,16.0,722.0,1.875,40.0,4732.0,-1.0,3.0,5.0,10.809000015258789,295.75,7.383999824523926,6.516228748068007,56.97
5,Jared Goff,65.0770034790039,382.0,6258.0,1.1929999589920044,7.0,81.0,4282.0,251.88235473632812,4355.0,256.1764831542969,587.0,57.0,227.0,4.0,3.0,4.940000057220459,29.0,4438.0,2290.0,2148.0,261.058837890625,99.30999755859375,23.0,156.0,610.0,17.0,639.0,0.0,29.0,4516.0,-1.0,1.0,1.0,11.618000030517578,265.6470642089844,7.559999942779541,7.019672131147541,62.61
6,Josh Allen,63.316001892089844,359.0,6313.0,2.4690001010894775,14.0,98.0,4121.0,257.5625,4883.0,305.1875,567.0,51.0,212.0,5.0,3.0,6.172999858856201,35.0,4283.0,1592.0,2691.0,267.6875,96.61083221435547,33.0,162.0,600.0,16.0,724.0,2.625,42.0,5045.0,-1.0,1.0,1.0,11.930000305175781,315.3125,7.553999900817871,6.868333333333333,73.83
7,Geno Smith,69.75499725341797,399.0,6052.0,1.9229999780654907,11.0,54.0,3934.0,231.41175842285156,4300.0,252.94117736816406,572.0,50.0,206.0,5.0,2.0,5.244999885559082,30.0,4282.0,1776.0,2506.0,251.88235473632812,100.875,46.0,348.0,618.0,17.0,686.0,0.3529411852359772,31.0,4648.0,-1.0,0.0,2.0,10.732000350952148,273.4117736816406,7.486000061035156,6.365695792880259,62.53
8,Trevor Lawrence,66.26699829101562,387.0,5623.0,1.3700000047683716,8.0,59.0,3929.0,231.11764526367188,4220.0,248.23529052734375,584.0,55.0,206.0,7.0,5.0,4.281000137329102,25.0,4113.0,1969.0,2144.0,241.94117736816406,95.21333312988281,27.0,184.0,611.0,17.0,673.0,1.7647058963775635,30.0,4404.0,-1.0,3.0,6.0,10.628000259399414,259.058837890625,7.043000221252441,6.430441898527005,54.18
9,Jalen Hurts,66.52200317382812,306.0,5061.0,1.3040000200271606,6.0,68.0,3470.0,231.3333282470703,4230.0,282.0,460.0,52.0,165.0,4.0,2.0,4.7829999923706055,22.0,3701.0,1765.0,1936.0,246.73333740234375,101.5533447265625,38.0,231.0,498.0,17.0,663.0,5.199999809265137,35.0,4461.0,-1.0,0.0,1.0,12.095000267028809,297.3999938964844,8.045999526977539,6.967871485943775,69.06
10,Aaron Rodgers,64.57599639892578,350.0,5155.0,2.2139999866485596,12.0,58.0,3437.0,202.1764678955078,3531.0,207.7058868408203,542.0,54.0,177.0,4.0,2.0,4.796999931335449,26.0,3695.0,1870.0,1825.0,217.35293579101562,91.06582641601562,32.0,258.0,574.0,17.0,608.0,0.3529411852359772,27.0,3789.0,-1.0,2.0,3.0,10.557000160217285,222.88235473632812,6.816999912261963,5.987804878048781,41.98
11,Tua Tagovailoa,64.75,259.0,5058.0,2.0,8.0,84.0,3385.0,260.3846130371094,3455.0,265.76922607421875,400.0,50.0,162.0,4.0,1.0,6.25,25.0,3548.0,1281.0,2267.0,272.9230651855469,105.49999237060547,21.0,163.0,421.0,17.0,445.0,0.0,25.0,3618.0,-1.0,0.0,1.0,13.699000358581543,278.30767822265625,8.869999885559082,8.040380047505938,68.33
12,Russell Wilson,60.45500183105469,292.0,4314.0,2.2769999504089355,11.0,67.0,3156.0,210.39999389648438,3433.0,228.86666870117188,483.0,54.0,142.0,4.0,2.0,3.312999963760376,16.0,3524.0,1721.0,1803.0,234.93333435058594,84.4183349609375,55.0,368.0,538.0,17.0,593.0,1.2000000476837158,19.0,3802.0,-1.0,0.0,1.0,12.067999839782715,253.46665954589844,7.296000003814697,5.866171003717472,37.98
13,Derek Carr,60.75699996948242,305.0,4782.0,2.7890000343322754,14.0,60.0,3331.0,222.06666564941406,3433.0,228.86666870117188,502.0,47.0,161.0,3.0,0.0,4.781000137329102,24.0,3522.0,1513.0,2009.0,234.8000030517578,86.26334381103516,27.0,191.0,529.0,17.0,553.0,0.0,24.0,3624.0,-1.0,0.0,3.0,11.54800033569336,241.60000610351562,7.015999794006348,6.296786389413989,54.53
14,Daniel Jones,67.16100311279297,317.0,4105.0,1.059000015258789,5.0,65.0,2962.0,185.125,3670.0,229.375,472.0,27.0,156.0,4.0,2.0,3.177999973297119,15.0,3205.0,1596.0,1609.0,200.3125,92.5233383178711,44.0,243.0,516.0,17.0,636.0,2.625,22.0,3913.0,-1.0,2.0,3.0,10.109999656677246,244.5625,6.789999961853027,5.74031007751938,62.18
15,Davis Mills,60.959999084472656,292.0,3858.0,3.131999969482422,15.0,58.0,2874.0,191.60000610351562,2982.0,198.8000030517578,479.0,50.0,135.0,5.0,2.0,3.5490000247955322,17.0,3118.0,1530.0,1588.0,207.86666870117188,78.78416442871094,31.0,244.0,510.0,17.0,542.0,0.800000011920929,19.0,3226.0,-1.0,1.0,2.0,10.678000450134277,215.06666564941406,6.508999824523926,5.635294117647059,34.01
16,Matt Ryan,67.02799987792969,309.0,3647.0,2.819999933242798,13.0,45.0,2770.0,230.8333282470703,2840.0,236.6666717529297,461.0,33.0,156.0,11.0,3.0,3.0369999408721924,14.0,3057.0,1414.0,1643.0,254.75,83.9425048828125,38.0,287.0,499.0,17.0,526.0,0.5,15.0,3127.0,-1.0,0.0,4.0,9.892999649047852,260.5833435058594,6.63100004196167,5.551102204408818,42.92
17,Mac Jones,65.15799713134766,288.0,3647.0,2.489000082015991,11.0,48.0,2766.0,197.57142639160156,2868.0,204.85714721679688,442.0,42.0,127.0,2.0,1.0,3.1670000553131104,14.0,2997.0,1433.0,1564.0,214.07142639160156,84.82166290283203,34.0,231.0,476.0,17.0,523.0,0.4285714328289032,15.0,3099.0,-1.0,1.0,4.0,10.406000137329102,221.35714721679688,6.781000137329102,5.810924369747899,35.67
18,Andy Dalton,66.66699981689453,252.0,3861.0,2.38100004196167,9.0,64.0,2682.0,191.57142639160156,2736.0,195.42857360839844,378.0,28.0,135.0,2.0,1.0,4.76200008392334,18.0,2871.0,1328.0,1543.0,205.07142639160156,95.23750305175781,25.0,189.0,403.0,17.0,433.0,0.0,18.0,2925.0,-1.0,1.0,1.0,11.392999649047852,208.92857360839844,7.59499979019165,6.655086848635236,49.65
19,Dak Prescott,66.24400329589844,261.0,4020.0,3.806999921798706,15.0,68.0,2734.0,227.8333282470703,2916.0,243.0,394.0,37.0,142.0,2.0,0.0,5.8379998207092285,23.0,2860.0,1204.0,1656.0,238.3333282470703,91.12999725341797,20.0,126.0,414.0,17.0,459.0,0.5,24.0,3042.0,-1.0,0.0,0.0,10.958000183105469,253.5,7.258999824523926,6.603864734299517,60.04
20,Jacoby Brissett,63.957000732421875,236.0,3268.0,1.6260000467300415,6.0,55.0,2448.0,153.0,2691.0,168.1875,369.0,32.0,129.0,5.0,3.0,3.252000093460083,12.0,2608.0,1095.0,1513.0,163.0,88.89583587646484,24.0,160.0,393.0,17.0,442.0,0.75,14.0,2851.0,-1.0,0.0,2.0,11.050999641418457,178.1875,7.067999839782715,6.229007633587786,59.48
21,Ryan Tannehill,65.23100280761719,212.0,3266.0,1.8459999561309814,6.0,69.0,2298.0,191.5,2396.0,199.6666717529297,325.0,35.0,116.0,2.0,1.0,4.0,13.0,2536.0,1173.0,1363.0,211.3333282470703,94.59667205810547,33.0,238.0,358.0,17.0,392.0,1.0,15.0,2634.0,-1.0,1.0,1.0,11.961999893188477,219.5,7.802999973297119,6.418994413407821,49.09
22,Jimmy Garoppolo,67.20800018310547,207.0,3437.0,1.2990000247955322,4.0,57.0,2337.0,212.4545440673828,2370.0,215.4545440673828,308.0,31.0,114.0,1.0,1.0,5.195000171661377,16.0,2437.0,1448.0,989.0,221.5454559326172,102.9608383178711,18.0,100.0,326.0,17.0,349.0,1.0909091234207153,18.0,2470.0,-1.0,0.0,0.0,11.77299976348877,224.5454559326172,7.9120001792907715,7.168711656441718,56.29
23,Kenny Pickett,62.981998443603516,245.0,2624.0,2.313999891281128,9.0,57.0,2222.0,170.92308044433594,2459.0,189.15383911132812,389.0,28.0,123.0,1.0,1.0,1.7990000247955322,7.0,2404.0,1073.0,1331.0,184.92308044433594,76.67333221435547,27.0,182.0,416.0,17.0,471.0,1.384615421295166,10.0,2641.0,-1.0,2.0,2.0,9.812000274658203,203.15383911132812,6.179999828338623,5.341346153846154,50.31
24,Kyler Murray,66.41000366210938,259.0,3138.0,1.7949999570846558,7.0,38.0,2176.0,197.81817626953125,2594.0,235.81817626953125,390.0,27.0,119.0,2.0,0.0,3.5899999141693115,14.0,2368.0,1255.0,1113.0,215.27272033691406,87.21250915527344,25.0,192.0,415.0,17.0,482.0,1.6363636255264282,17.0,2786.0,-1.0,3.0,6.0,9.142999649047852,253.27272033691406,6.072000026702881,5.243373493975904,53.15
25,Lamar Jackson,62.27000045776367,203.0,3222.0,2.1470000743865967,7.0,75.0,2128.0,177.3333282470703,2892.0,241.0,326.0,24.0,105.0,1.0,1.0,5.215000152587891,17.0,2242.0,971.0,1271.0,186.8333282470703,91.06666564941406,26.0,114.0,352.0,17.0,464.0,1.5,20.0,3006.0,-1.0,1.0,1.0,11.043999671936035,250.5,6.876999855041504,6.045454545454546,56.69
26,Justin Fields,60.37699890136719,192.0,3102.0,3.4590001106262207,11.0,56.0,1883.0,125.53333282470703,3026.0,201.73333740234375,318.0,32.0,91.0,7.0,2.0,5.3460001945495605,17.0,2242.0,951.0,1291.0,149.46665954589844,85.18000030517578,55.0,359.0,373.0,17.0,533.0,3.200000047683716,25.0,3385.0,-1.0,1.0,4.0,11.677000045776367,225.6666717529297,7.050000190734863,5.048257372654155,56.15
27,Marcus Mariota,61.33300018310547,184.0,2999.0,3.0,9.0,75.0,2024.0,155.6923065185547,2462.0,189.38461303710938,300.0,30.0,111.0,3.0,1.0,5.0,15.0,2219.0,900.0,1319.0,170.6923065185547,88.18167114257812,28.0,195.0,328.0,17.0,413.0,1.8461538553237915,19.0,2657.0,-1.0,2.0,2.0,12.0600004196167,204.38461303710938,7.396999835968018,6.170731707317073,55.0
28,Baker Mayfield,60.0,201.0,2623.0,2.388000011444092,8.0,75.0,1946.0,162.1666717529297,2035.0,169.5833282470703,335.0,29.0,94.0,3.0,1.0,2.984999895095825,10.0,2163.0,1131.0,1032.0,180.25,78.98750305175781,36.0,217.0,371.0,17.0,402.0,0.5,11.0,2252.0,-1.0,0.0,1.0,10.76099967956543,187.6666717529297,6.456999778747559,5.245283018867925,24.24
29,Matthew Stafford,67.98699951171875,206.0,2547.0,2.640000104904175,8.0,75.0,1879.0,208.77777099609375,1888.0,209.77777099609375,303.0,21.0,105.0,3.0,3.0,3.299999952316284,10.0,2087.0,1128.0,959.0,231.88888549804688,87.43917083740234,29.0,208.0,332.0,17.0,345.0,0.6666666865348816,11.0,2096.0,-1.0,0.0,0.0,10.130999565124512,232.88888549804688,6.888000011444092,5.659638554216867,46.2
30,Taylor Heinicke,62.1619987487793,161.0,2519.0,2.316999912261963,6.0,61.0,1718.0,190.88888549804688,1814.0,201.55555725097656,259.0,20.0,93.0,6.0,5.0,4.632999897003174,12.0,1859.0,784.0,1075.0,206.55555725097656,89.5824966430664,19.0,141.0,278.0,17.0,306.0,0.6666666865348816,13.0,1955.0,-1.0,0.0,0.0,11.54699993133545,217.22222900390625,7.177999973297119,6.179856115107913,44.76
31,Carson Wentz,62.319000244140625,172.0,2255.0,3.260999917984009,9.0,75.0,1596.0,199.5,1682.0,210.25,276.0,22.0,85.0,3.0,1.0,3.9860000610351562,11.0,1755.0,826.0,929.0,219.375,80.21083068847656,26.0,159.0,302.0,17.0,324.0,0.75,12.0,1841.0,-1.0,2.0,7.0,10.20300006866455,230.125,6.359000205993652,5.28476821192053,34.47
32,Zach Wilson,54.54499816894531,132.0,1898.0,2.8929998874664307,7.0,79.0,1513.0,168.11111450195312,1615.0,179.44444274902344,242.0,26.0,73.0,1.0,1.0,2.4790000915527344,6.0,1688.0,810.0,878.0,187.55555725097656,72.80916595458984,23.0,175.0,265.0,17.0,293.0,1.3333333730697632,8.0,1792.0,-1.0,0.0,0.0,12.788000106811523,199.11111450195312,6.974999904632568,5.709433962264151,38.04
33,Brock Purdy,67.05899810791016,114.0,2164.0,2.3529999256134033,4.0,54.0,1290.0,143.3333282470703,1303.0,144.77777099609375,170.0,20.0,66.0,0.0,0.0,7.646999835968018,13.0,1374.0,706.0,668.0,152.6666717529297,107.32666015625,11.0,84.0,181.0,17.0,203.0,0.6666666865348816,14.0,1387.0,-1.0,0.0,0.0,12.053000450134277,154.11111450195312,8.081999778747559,7.12707182320442,69.12
34,Mitch Trubisky,65.0,117.0,1382.0,2.7780001163482666,5.0,45.0,1184.0,169.14285278320312,1222.0,174.57142639160156,180.0,16.0,65.0,0.0,0.0,2.2219998836517334,4.0,1252.0,354.0,898.0,178.85714721679688,81.06499481201172,11.0,68.0,191.0,17.0,210.0,1.7142857313156128,6.0,1290.0,-1.0,1.0,1.0,10.701000213623047,184.2857208251953,6.955999851226807,6.198952879581152,52.94
35,Mike White,58.856998443603516,103.0,1282.0,2.2860000133514404,4.0,60.0,1116.0,279.0,1125.0,281.25,175.0,13.0,56.0,2.0,1.0,1.7139999866485596,3.0,1192.0,568.0,624.0,298.0,75.69832611083984,9.0,76.0,184.0,17.0,190.0,1.5,4.0,1201.0,-1.0,0.0,0.0,11.572999954223633,300.25,6.810999870300293,6.065217391304348,35.12
36,Sam Darnold,58.57099914550781,82.0,1543.0,2.1429998874664307,3.0,52.0,1065.0,177.5,1171.0,195.1666717529297,140.0,17.0,57.0,1.0,1.0,5.0,7.0,1143.0,569.0,574.0,190.5,92.64666748046875,10.0,78.0,150.0,17.0,176.0,2.0,9.0,1249.0,-1.0,0.0,0.0,13.939000129699707,208.1666717529297,8.163999557495117,7.1,46.41
37,Deshaun Watson,58.23500061035156,99.0,1442.0,2.940999984741211,5.0,46.0,996.0,166.0,1171.0,195.1666717529297,170.0,12.0,53.0,0.0,0.0,4.118000030517578,7.0,1102.0,544.0,558.0,183.6666717529297,79.09333801269531,20.0,106.0,190.0,17.0,226.0,1.0,8.0,1277.0,-1.0,0.0,0.0,11.130999565124512,212.8333282470703,6.48199987411499,5.242105263157895,34.8
38,Joe Flacco,57.59199905395508,110.0,1311.0,1.5709999799728394,3.0,66.0,985.0,197.0,991.0,198.1999969482422,191.0,7.0,55.0,5.0,4.0,2.618000030517578,5.0,1051.0,472.0,579.0,210.1999969482422,75.18666076660156,10.0,66.0,201.0,17.0,204.0,0.0,5.0,1054.0,-1.0,0.0,0.0,9.555000305175781,210.8000030517578,5.502999782562256,4.900497512437811,32.04
39,Cooper Rush,58.025001525878906,94.0,1311.0,1.8519999980926514,3.0,46.0,1002.0,111.33333587646484,1008.0,112.0,162.0,13.0,52.0,2.0,0.0,3.0859999656677246,5.0,1051.0,455.0,596.0,116.77777862548828,80.04083251953125,7.0,49.0,169.0,17.0,178.0,0.0,5.0,1057.0,-1.0,0.0,0.0,11.180999755859375,117.44444274902344,6.48799991607666,5.928994082840236,56.29
40,Jameis Winston,63.47800064086914,73.0,988.0,4.3480000495910645,5.0,51.0,784.0,261.3333435058594,800.0,266.6666564941406,115.0,13.0,35.0,1.0,0.0,3.4779999256134033,4.0,858.0,207.0,651.0,286.0,79.54582977294922,11.0,74.0,126.0,17.0,131.0,0.0,4.0,874.0,-1.0,1.0,1.0,11.753000259399414,291.3333435058594,7.460999965667725,6.222222222222222,33.5
41,Bailey Zappe,70.6520004272461,65.0,1041.0,3.260999917984009,3.0,53.0,741.0,185.25,741.0,185.25,92.0,14.0,37.0,2.0,2.0,5.434999942779541,5.0,781.0,370.0,411.0,195.25,100.8600082397461,6.0,40.0,98.0,17.0,108.0,0.0,5.0,775.0,-1.0,0.0,0.0,12.015000343322754,193.75,8.48900032043457,7.561224489795919,36.74
42,Colt McCoy,68.18199920654297,90.0,760.0,2.2730000019073486,3.0,47.0,683.0,170.75,719.0,179.75,132.0,6.0,34.0,0.0,0.0,0.7580000162124634,1.0,780.0,368.0,412.0,195.0,76.57833099365234,13.0,97.0,145.0,17.0,159.0,0.0,1.0,816.0,-1.0,0.0,0.0,8.666999816894531,204.0,5.908999919891357,4.710344827586207,35.81
43,PJ Walker,59.433998107910156,63.0,851.0,2.8299999237060547,3.0,62.0,685.0,114.16666412353516,724.0,120.66666412353516,106.0,14.0,30.0,0.0,0.0,2.8299999237060547,3.0,731.0,408.0,323.0,121.83333587646484,77.98666381835938,7.0,46.0,113.0,17.0,119.0,0.0,3.0,770.0,-1.0,0.0,0.0,11.602999687194824,128.3333282470703,6.895999908447266,6.061946902654867,27.04
44,Desmond Ridder,63.47800064086914,73.0,848.0,0.0,0.0,40.0,675.0,168.75,739.0,184.75,115.0,7.0,37.0,1.0,1.0,1.7389999628067017,2.0,708.0,329.0,379.0,177.0,86.43250274658203,9.0,33.0,124.0,17.0,140.0,0.0,2.0,772.0,-1.0,0.0,0.0,9.699000358581543,193.0,6.1570000648498535,5.443548387096774,46.27
45,Teddy Bridgewater,62.025001525878906,49.0,843.0,5.063000202178955,4.0,64.0,638.0,127.5999984741211,665.0,133.0,79.0,7.0,32.0,0.0,0.0,5.063000202178955,4.0,683.0,307.0,376.0,136.60000610351562,85.57666778564453,7.0,45.0,86.0,17.0,89.0,0.0,4.0,710.0,-1.0,0.0,1.0,13.939000129699707,142.0,8.645999908447266,7.4186046511627906,46.85
46,Gardner Minshew,57.89500045776367,44.0,783.0,3.947000026702881,3.0,78.0,635.0,127.0,638.0,127.5999984741211,76.0,11.0,30.0,0.0,0.0,3.947000026702881,3.0,663.0,251.0,412.0,132.60000610351562,83.38999938964844,6.0,28.0,82.0,17.0,89.0,1.2000000476837158,4.0,666.0,-1.0,0.0,0.0,15.067999839782715,133.1999969482422,8.723999977111816,7.7439024390243905,33.77
47,Tyler Huntley,66.96399688720703,75.0,708.0,2.678999900817871,3.0,40.0,624.0,104.0,761.0,126.83333587646484,112.0,5.0,31.0,0.0,0.0,1.7860000133514404,2.0,658.0,250.0,408.0,109.66666412353516,77.15666198730469,7.0,34.0,119.0,17.0,162.0,1.0,3.0,795.0,-1.0,0.0,0.0,8.77299976348877,132.5,5.875,5.243697478991597,40.52
48,Jarrett Stidham,63.85499954223633,53.0,846.0,3.614000082015991,3.0,60.0,609.0,121.80000305175781,693.0,138.60000610351562,83.0,11.0,32.0,2.0,1.0,4.818999767303467,4.0,656.0,261.0,395.0,131.1999969482422,89.23416137695312,7.0,47.0,90.0,17.0,104.0,0.0,4.0,740.0,-1.0,0.0,0.0,12.376999855041504,148.0,7.9039998054504395,6.766666666666667,58.44
49,Sam Ehlinger,63.36600112915039,64.0,693.0,2.9700000286102295,3.0,47.0,486.0,121.5,573.0,143.25,101.0,7.0,28.0,1.0,1.0,2.9700000286102295,3.0,573.0,294.0,279.0,143.25,76.05083465576172,14.0,87.0,115.0,17.0,132.0,0.0,3.0,660.0,-1.0,0.0,0.0,8.95300006866455,165.0,5.672999858856201,4.226086956521739,31.91
50,Skylar Thompson,57.143001556396484,60.0,514.0,2.8570001125335693,3.0,32.0,494.0,70.57142639160156,515.0,73.57142639160156,105.0,5.0,26.0,1.0,1.0,0.9520000219345093,1.0,534.0,208.0,326.0,76.28571319580078,62.163333892822266,6.0,40.0,111.0,17.0,125.0,0.0,1.0,555.0,-1.0,0.0,0.0,8.899999618530273,79.28571319580078,5.085999965667725,4.45045045045045,25.02
51,Brett Rypien,60.22700119018555,53.0,503.0,4.545000076293945,4.0,45.0,436.0,109.0,443.0,110.75,88.0,1.0,24.0,1.0,1.0,2.2730000019073486,2.0,483.0,267.0,216.0,120.75,63.782501220703125,8.0,47.0,96.0,17.0,102.0,0.0,2.0,490.0,-1.0,0.0,0.0,9.11299991607666,122.5,5.488999843597412,4.541666666666667,24.29
52,Kyle Allen,58.9739990234375,46.0,436.0,5.127999782562256,4.0,39.0,375.0,187.5,388.0,194.0,78.0,4.0,19.0,2.0,0.0,2.563999891281128,2.0,416.0,246.0,170.0,208.0,60.62916946411133,5.0,41.0,83.0,17.0,89.0,0.0,2.0,429.0,-1.0,0.0,2.0,9.043000221252441,214.5,5.333000183105469,4.518072289156627,3.34
53,Trace McSorley,54.21699905395508,45.0,262.0,6.02400016784668,5.0,47.0,385.0,64.16666412353516,446.0,74.33333587646484,83.0,4.0,17.0,1.0,1.0,0.0,0.0,412.0,207.0,205.0,68.66666412353516,42.84749984741211,3.0,27.0,86.0,14.0,101.0,0.0,0.0,473.0,-1.0,0.0,1.0,9.156000137329102,78.83333587646484,4.964000225067139,4.476744186046512,9.45
54,Joshua Dobbs,58.82400131225586,40.0,491.0,2.940999984741211,2.0,39.0,385.0,192.5,429.0,214.5,68.0,5.0,25.0,3.0,2.0,2.940999984741211,2.0,411.0,213.0,198.0,205.5,73.83584594726562,6.0,26.0,74.0,15.0,82.0,0.0,2.0,455.0,-1.0,0.0,0.0,10.274999618530273,227.5,6.044000148773193,5.202702702702703,50.07
55,David Blough,65.51699829101562,38.0,482.0,3.447999954223633,2.0,77.0,378.0,189.0,383.0,191.5,58.0,3.0,18.0,1.0,1.0,3.447999954223633,2.0,402.0,225.0,177.0,201.0,82.68666076660156,5.0,24.0,63.0,4.0,67.0,0.0,2.0,407.0,-1.0,0.0,0.0,10.579000473022461,203.5,6.931000232696533,6.0,28.37
56,John Wolford,61.290000915527344,38.0,370.0,4.839000225067139,3.0,30.0,341.0,113.66666412353516,373.0,124.33333587646484,62.0,4.0,19.0,2.0,1.0,1.6130000352859497,1.0,390.0,198.0,192.0,130.0,64.58082580566406,7.0,49.0,69.0,17.0,77.0,0.0,1.0,422.0,-1.0,0.0,0.0,10.262999534606934,140.6666717529297,6.289999961853027,4.942028985507246,23.13
57,Anthony Brown,44.89799880981445,22.0,242.0,4.081999778747559,2.0,47.0,288.0,144.0,283.0,141.5,49.0,4.0,13.0,1.0,1.0,0.0,0.0,302.0,142.0,160.0,151.0,48.16917037963867,5.0,14.0,54.0,5.0,57.0,0.0,0.0,297.0,-1.0,0.0,0.0,13.72700023651123,148.5,6.163000106811523,5.333333333333333,6.06
58,Malik Willis,50.81999969482422,31.0,186.0,4.918000221252441,3.0,48.0,227.0,28.375,350.0,43.75,61.0,1.0,11.0,0.0,0.0,0.0,0.0,276.0,150.0,126.0,34.5,42.795833587646484,10.0,49.0,71.0,17.0,98.0,0.75,1.0,399.0,-1.0,0.0,0.0,8.902999877929688,49.875,4.525000095367432,3.1971830985915495,11.87
59,Taysom Hill,68.4209976196289,13.0,380.0,0.0,0.0,68.0,226.0,14.125,801.0,50.0625,19.0,4.0,11.0,0.0,0.0,10.526000022888184,2.0,240.0,102.0,138.0,15.0,146.2708282470703,2.0,14.0,21.0,17.0,117.0,3.375,11.0,892.0,-1.0,0.0,0.0,18.461999893188477,55.75,12.631999969482422,10.761904761904763,78.28
60,Nick Foles,59.52399826049805,25.0,104.0,9.52400016784668,4.0,49.0,176.0,58.66666793823242,184.0,61.33333206176758,42.0,1.0,9.0,0.0,0.0,0.0,0.0,224.0,90.0,134.0,74.66666412353516,34.32416915893555,8.0,48.0,50.0,17.0,52.0,0.0,0.0,232.0,-1.0,0.0,0.0,8.960000038146973,77.33333587646484,5.333000183105469,3.52,7.87
61,Nick Mullens,84.0,21.0,264.0,4.0,1.0,37.0,224.0,56.0,232.0,58.0,25.0,2.0,11.0,0.0,0.0,4.0,1.0,224.0,117.0,107.0,56.0,100.66666412353516,0.0,0.0,25.0,17.0,29.0,0.0,1.0,232.0,-1.0,0.0,0.0,10.666999816894531,58.0,8.960000038146973,8.96,61.44
62,Jordan Love,66.66699981689453,14.0,265.0,0.0,0.0,63.0,195.0,48.75,194.0,48.5,21.0,2.0,9.0,0.0,0.0,4.76200008392334,1.0,195.0,117.0,78.0,48.75,112.20417022705078,0.0,0.0,21.0,17.0,22.0,0.0,1.0,194.0,-1.0,0.0,0.0,13.928999900817871,48.5,9.28600025177002,9.285714285714286,76.2
63,Trey Lance,48.387001037597656,15.0,164.0,3.2260000705718994,1.0,44.0,185.0,92.5,252.0,126.0,31.0,4.0,6.0,0.0,0.0,0.0,0.0,194.0,80.0,114.0,97.0,55.03916931152344,2.0,9.0,33.0,17.0,49.0,0.0,0.0,261.0,-1.0,0.0,0.0,12.932999610900879,130.5,6.257999897003174,5.606060606060606,40.8
64,Trevor Siemian,57.69200134277344,15.0,224.0,3.8459999561309814,1.0,33.0,170.0,85.0,178.0,89.0,26.0,4.0,7.0,0.0,0.0,3.8459999561309814,1.0,184.0,116.0,68.0,92.0,76.4425048828125,2.0,14.0,28.0,17.0,32.0,0.0,1.0,192.0,-1.0,0.0,0.0,12.267000198364258,96.0,7.077000141143799,6.071428571428571,20.33
65,Sam Howell,57.89500045776367,11.0,209.0,5.263000011444092,1.0,52.0,158.0,158.0,193.0,193.0,19.0,4.0,6.0,0.0,0.0,5.263000011444092,1.0,169.0,75.0,94.0,169.0,83.0058364868164,3.0,11.0,22.0,17.0,27.0,6.0,2.0,204.0,-1.0,0.0,0.0,15.36400032043457,204.0,8.895000457763672,7.181818181818182,42.53
66,Davis Webb,57.5,23.0,238.0,0.0,0.0,25.0,168.0,168.0,209.0,209.0,40.0,1.0,11.0,0.0,0.0,2.5,1.0,168.0,76.0,92.0,168.0,75.83333587646484,0.0,0.0,40.0,3.0,46.0,6.0,2.0,209.0,-1.0,0.0,1.0,7.303999900817871,209.0,4.199999809265137,4.2,61.2
67,Bryce Perkins,55.88199996948242,19.0,171.0,5.881999969482422,2.0,20.0,111.0,22.200000762939453,201.0,40.20000076293945,34.0,1.0,10.0,0.0,0.0,2.940999984741211,1.0,161.0,65.0,96.0,32.20000076293945,53.67583465576172,6.0,50.0,40.0,17.0,59.0,0.0,1.0,251.0,-1.0,0.0,0.0,8.473999977111816,50.20000076293945,4.735000133514404,2.775,25.4
68,Nathan Peterman,56.0,14.0,179.0,4.0,1.0,28.0,133.0,44.33333206176758,140.0,46.66666793823242,25.0,2.0,9.0,0.0,0.0,4.0,1.0,139.0,44.0,95.0,46.33333206176758,68.58332824707031,1.0,6.0,26.0,6.0,28.0,0.0,1.0,146.0,-1.0,0.0,0.0,9.928999900817871,48.66666793823242,5.559999942779541,5.115384615384615,47.24
69,Jeff Driskel,70.0,14.0,178.0,0.0,0.0,28.0,95.0,13.571428298950195,170.0,24.285715103149414,20.0,1.0,5.0,0.0,0.0,5.0,1.0,108.0,79.0,29.0,15.428571701049805,99.58333587646484,2.0,13.0,22.0,7.0,42.0,0.0,1.0,187.0,-1.0,0.0,0.0,7.714000225067139,26.714284896850586,5.400000095367432,4.318181818181818,18.84
70,Chris Streveler,66.66699981689453,10.0,90.0,0.0,0.0,30.0,90.0,45.0,144.0,72.0,15.0,1.0,5.0,0.0,0.0,0.0,0.0,90.0,17.0,73.0,45.0,82.63916778564453,0.0,0.0,15.0,3.0,24.0,0.0,0.0,144.0,-1.0,0.0,0.0,9.0,72.0,6.0,6.0,79.22
71,Jacob Eason,60.0,3.0,29.0,20.0,1.0,49.0,59.0,59.0,59.0,59.0,5.0,1.0,2.0,0.0,0.0,0.0,0.0,59.0,50.0,9.0,59.0,61.66666793823242,0.0,0.0,5.0,2.0,5.0,0.0,0.0,59.0,-1.0,0.0,0.0,19.66699981689453,59.0,11.800000190734863,11.8,0.99
72,Tyrod Taylor,75.0,6.0,98.0,12.5,1.0,19.0,40.0,13.333333015441895,110.0,36.66666793823242,8.0,0.0,3.0,1.0,1.0,12.5,1.0,58.0,26.0,32.0,19.33333396911621,94.79167175292969,3.0,18.0,11.0,17.0,16.0,0.0,1.0,128.0,-1.0,1.0,1.0,9.666999816894531,42.66666793823242,7.25,3.6363636363636362,13.89
73,Chase Daniel,66.66699981689453,8.0,122.0,0.0,0.0,13.0,51.0,12.75,55.0,13.75,12.0,0.0,4.0,0.0,0.0,8.333000183105469,1.0,52.0,63.0,-11.0,13.0,103.47000122070312,1.0,1.0,13.0,17.0,14.0,0.0,1.0,56.0,-1.0,1.0,1.0,6.5,14.0,4.333000183105469,3.923076923076923,49.39
74,Brian Hoyer,83.33300018310547,5.0,37.0,0.0,0.0,27.0,29.0,29.0,29.0,29.0,6.0,1.0,2.0,0.0,0.0,0.0,0.0,37.0,22.0,15.0,37.0,92.36250305175781,1.0,8.0,7.0,17.0,7.0,0.0,0.0,37.0,-1.0,0.0,0.0,7.400000095367432,37.0,6.166999816894531,4.142857142857143,29.51
75,C.J. Beathard,63.63600158691406,7.0,5.0,9.090999603271484,1.0,11.0,30.0,7.5,26.0,6.5,11.0,0.0,2.0,0.0,0.0,0.0,0.0,35.0,20.0,15.0,8.75,30.49250602722168,1.0,5.0,12.0,17.0,16.0,0.0,0.0,31.0,-1.0,0.0,0.0,5.0,7.75,3.181999921798706,2.5,20.86
76,Christian McCaffrey,100.0,1.0,104.0,0.0,0.0,34.0,34.0,2.0,1173.0,69.0,1.0,1.0,1.0,0.0,0.0,100.0,1.0,34.0,3.0,31.0,2.0,158.33334350585938,0.0,0.0,1.0,17.0,245.0,4.588235378265381,14.0,1914.0,-1.0,0.0,0.0,34.0,112.5882339477539,34.0,34.0,99.99
77,Justin Jefferson,100.0,2.0,34.0,0.0,0.0,23.0,34.0,2.0,58.0,3.411764621734619,2.0,1.0,2.0,0.0,0.0,0.0,0.0,34.0,31.0,3.0,2.0,118.75,0.0,0.0,2.0,17.0,6.0,3.1764705181121826,9.0,1867.0,-1.0,0.0,0.0,17.0,109.82353210449219,17.0,17.0,95.58
78,Tim Boyle,25.0,2.0,-27.0,25.0,2.0,17.0,33.0,33.0,31.0,31.0,8.0,0.0,2.0,0.0,0.0,0.0,0.0,33.0,32.0,1.0,33.0,4.6875,0.0,0.0,8.0,5.0,10.0,0.0,0.0,31.0,-1.0,0.0,1.0,16.5,31.0,4.125,4.125,0.69
79,Blaine Gabbert,75.0,6.0,99.0,0.0,0.0,13.0,29.0,29.0,29.0,29.0,8.0,0.0,2.0,0.0,0.0,12.5,1.0,29.0,37.0,-8.0,29.0,119.27083587646484,0.0,0.0,8.0,17.0,8.0,0.0,1.0,29.0,-1.0,0.0,0.0,4.833000183105469,29.0,3.625,3.625,64.09
80,Tyler Boyd,100.0,1.0,23.0,0.0,0.0,23.0,11.0,0.6875,11.0,0.6875,1.0,1.0,1.0,0.0,0.0,0.0,0.0,23.0,2.0,21.0,1.4375,118.75,1.0,12.0,2.0,16.0,2.0,1.875,5.0,785.0,-1.0,0.0,0.0,23.0,49.0625,23.0,5.5,14.91
81,Kyle Trask,33.33300018310547,3.0,23.0,0.0,0.0,9.0,23.0,23.0,23.0,23.0,9.0,0.0,1.0,0.0,0.0,0.0,0.0,23.0,20.0,3.0,23.0,42.36083221435547,0.0,0.0,9.0,17.0,9.0,0.0,0.0,23.0,-1.0,0.0,0.0,7.666999816894531,23.0,2.555999994277954,2.5555555555555554,2.06
82,Brandon Allen,100.0,3.0,22.0,0.0,0.0,13.0,22.0,22.0,21.0,21.0,3.0,0.0,1.0,0.0,0.0,0.0,0.0,22.0,12.0,10.0,22.0,97.22083282470703,1.0,0.0,4.0,16.0,7.0,0.0,0.0,21.0,-1.0,0.0,0.0,7.333000183105469,21.0,7.333000183105469,5.5,47.01
83,Riley Dixon,100.0,2.0,18.0,0.0,0.0,12.0,18.0,1.058823585510254,18.0,1.058823585510254,2.0,0.0,2.0,0.0,0.0,0.0,0.0,18.0,8.0,10.0,1.058823585510254,104.16666412353516,0.0,0.0,2.0,17.0,2.0,0.0,0.0,18.0,-1.0,0.0,0.0,9.0,1.058823585510254,9.0,9.0,104.16666412353516
84,Braden Mann,50.0,1.0,17.0,0.0,0.0,17.0,17.0,1.0,17.0,1.0,2.0,0.0,1.0,0.0,0.0,0.0,0.0,17.0,9.0,8.0,1.0,79.16667175292969,0.0,0.0,2.0,17.0,2.0,0.0,0.0,17.0,-1.0,0.0,0.0,17.0,1.0,8.5,8.5,0.0
85,Ryan Wright,50.0,1.0,13.0,0.0,0.0,13.0,13.0,0.7647058963775635,13.0,0.7647058963775635,2.0,0.0,1.0,0.0,0.0,0.0,0.0,13.0,0.0,13.0,0.7647058963775635,70.83332824707031,0.0,0.0,2.0,17.0,2.0,0.0,0.0,13.0,-1.0,0.0,0.0,13.0,0.7647058963775635,6.5,6.5,70.83332824707031
86,Josh Johnson,50.0,1.0,10.0,0.0,0.0,10.0,10.0,5.0,13.0,6.5,2.0,0.0,1.0,0.0,0.0,0.0,0.0,10.0,4.0,6.0,5.0,64.58332824707031,0.0,0.0,2.0,6.0,4.0,0.0,0.0,13.0,-1.0,0.0,0.0,10.0,6.5,5.0,5.0,19.36
87,Case Keenum,28.570999145507812,2.0,8.0,0.0,0.0,5.0,8.0,4.0,8.0,4.0,7.0,0.0,0.0,0.0,0.0,0.0,0.0,8.0,5.0,3.0,4.0,39.583335876464844,0.0,0.0,7.0,16.0,12.0,0.0,0.0,8.0,-1.0,0.0,0.0,4.0,4.0,1.1430000066757202,1.1428571428571428,4.92
88,Jack Fox,100.0,1.0,6.0,0.0,0.0,6.0,6.0,0.3529411852359772,6.0,0.3529411852359772,1.0,0.0,1.0,0.0,0.0,0.0,0.0,6.0,0.0,6.0,0.3529411852359772,91.66667175292969,0.0,0.0,1.0,17.0,1.0,0.0,0.0,6.0,-1.0,0.0,0.0,6.0,0.3529411852359772,6.0,6.0,91.66667175292969
89,Andy Lee,100.0,1.0,4.0,0.0,0.0,4.0,4.0,0.23529411852359772,4.0,0.23529411852359772,1.0,0.0,1.0,0.0,0.0,0.0,0.0,4.0,4.0,0.0,0.23529411852359772,83.33332824707031,0.0,0.0,1.0,17.0,1.0,0.0,0.0,4.0,-1.0,0.0,0.0,4.0,0.23529411852359772,4.0,4.0,83.33332824707031
90,Mack Hollins,100.0,1.0,4.0,0.0,0.0,4.0,4.0,0.23529411852359772,44.0,2.588235378265381,1.0,0.0,0.0,0.0,0.0,0.0,0.0,4.0,10.0,-6.0,0.23529411852359772,83.33332824707031,0.0,0.0,1.0,17.0,5.0,1.4117647409439087,4.0,734.0,-1.0,0.0,0.0,4.0,43.17647171020508,4.0,4.0,19.99
91,Derrick Henry,100.0,2.0,74.0,0.0,0.0,3.0,4.0,0.25,1542.0,96.375,2.0,0.0,1.0,0.0,0.0,50.0,1.0,4.0,1.0,3.0,0.25,118.75,0.0,0.0,2.0,17.0,351.0,4.875,14.0,1940.0,-1.0,0.0,0.0,2.0,121.25,2.0,2.0,46.06
92,Najee Harris,100.0,1.0,4.0,0.0,0.0,4.0,4.0,0.23529411852359772,1038.0,61.05882263183594,1.0,0.0,0.0,0.0,0.0,0.0,0.0,4.0,8.0,-4.0,0.23529411852359772,83.33332824707031,0.0,0.0,1.0,17.0,273.0,3.529411792755127,10.0,1267.0,-1.0,0.0,0.0,4.0,74.52941131591797,4.0,4.0,7.95
93,Braxton Berrios,100.0,1.0,72.0,0.0,0.0,2.0,2.0,0.11764705926179886,93.0,5.470588207244873,1.0,0.0,1.0,0.0,0.0,100.0,1.0,2.0,0.0,2.0,0.11764705926179886,118.75,0.0,0.0,1.0,17.0,10.0,0.7058823704719543,3.0,238.0,-1.0,0.0,0.0,2.0,14.0,2.0,2.0,99.44
94,Chase Claypool,100.0,1.0,71.0,0.0,0.0,1.0,1.0,0.06666667014360428,60.0,4.0,1.0,0.0,1.0,0.0,0.0,100.0,1.0,1.0,0.0,1.0,0.06666667014360428,118.75,0.0,0.0,1.0,17.0,10.0,0.4000000059604645,2.0,511.0,-1.0,0.0,0.0,1.0,34.06666564941406,1.0,1.0,99.99
95,Chad Henne,0.0,0.0,0.0,0.0,0.0,0.0,0.0,0.0,-5.0,-1.6666666269302368,2.0,0.0,0.0,0.0,0.0,0.0,0.0,0.0,0.0,0.0,0.0,39.583335876464844,0.0,0.0,2.0,17.0,7.0,0.0,0.0,-5.0,-1.0,0.0,0.0,0.0,-1.6666666269302368,0.0,0.0,2.41
96,Rex Burkhead,0.0,0.0,0.0,0.0,0.0,0.0,0.0,0.0,80.0,5.0,1.0,0.0,0.0,0.0,0.0,0.0,0.0,0.0,0.0,0.0,0.0,39.583335876464844,0.0,0.0,1.0,17.0,27.0,0.75,2.0,284.0,-1.0,0.0,0.0,0.0,17.75,0.0,0.0,3.37
97,Phillip Dorsett,0.0,0.0,0.0,0.0,0.0,0.0,0.0,0.0,0.0,0.0,1.0,0.0,0.0,0.0,0.0,0.0,0.0,0.0,0.0,0.0,0.0,39.583335876464844,0.0,0.0,1.0,17.0,1.0,0.4000000059604645,1.0,257.0,-1.0,0.0,0.0,0.0,17.133333206176758,0.0,0.0,3.24
