,PlayerName,ESPNRBRating,LongRushing,NetTotalYards,NetYardsPerGame,RushingAttempts,YardRushingPlays,Rushing1stdowns,RushingFumbles,RushingFumblesLost,RushingTouchdowns,RushingYards,RushingYardsPerGame,Stuffs,StuffYardsLost,TeamGamesPlayed,TotalOffensivePlays,TotalPointsPerGame,TotalTouchdowns,TotalYards,TotalYardsFromScrimmage,TwoPointRushConversion,TwoPointRush,TwoPointRushAttempts,YardsFromScrimmagePerGame,YardsPerGame,YardsPerRushAttempt
0,Josh Jacobs,2058.0,86.0,1653.0,97.23529052734375,340.0,7.0,93.0,2.0,0.0,12.0,1653.0,97.23529052734375,26.0,57.0,17.0,340.0,4.235294342041016,12.0,2053.0,2053.0,-1.0,0.0,1.0,120.76470947265625,120.76470947265625,4.861999988555908
1,Derrick Henry,1948.0,56.0,1542.0,96.375,349.0,10.0,65.0,4.0,2.0,13.0,1538.0,96.125,34.0,69.0,17.0,351.0,4.875,14.0,1940.0,1936.0,-1.0,0.0,0.0,121.0,121.25,4.4070000648498535
2,Nick Chubb,1930.0,41.0,1525.0,89.70587921142578,302.0,13.0,69.0,1.0,1.0,12.0,1525.0,89.70587921142578,28.0,61.0,17.0,302.0,4.588235378265381,13.0,1764.0,1764.0,-1.0,1.0,1.0,103.76470947265625,103.76470947265625,5.050000190734863
3,Saquon Barkley,1662.0,68.0,1312.0,82.0,295.0,9.0,62.0,1.0,0.0,10.0,1312.0,82.0,31.0,77.0,17.0,295.0,3.75,10.0,1650.0,1650.0,-1.0,0.0,0.0,103.125,103.125,4.447000026702881
4,Miles Sanders,1624.0,40.0,1269.0,74.64705657958984,259.0,9.0,62.0,1.0,1.0,11.0,1269.0,74.64705657958984,22.0,32.0,17.0,259.0,3.882352828979492,11.0,1347.0,1347.0,-1.0,0.0,1.0,79.23529052734375,79.23529052734375,4.900000095367432
5,Dalvin Cook,1393.0,81.0,1168.0,68.70587921142578,264.0,5.0,50.0,3.0,3.0,8.0,1173.0,69.0,33.0,58.0,17.0,265.0,3.529411792755127,10.0,1468.0,1468.0,-1.0,0.0,0.0,86.35294342041016,86.35294342041016,4.442999839782715
6,Justin Fields,1393.0,67.0,3026.0,201.73333740234375,160.0,10.0,65.0,9.0,0.0,8.0,1143.0,76.19999694824219,8.0,13.0,17.0,533.0,3.200000047683716,25.0,3385.0,1143.0,-1.0,0.0,0.0,76.19999694824219,225.6666717529297,7.144000053405762
7,Christian McCaffrey,1419.0,49.0,1173.0,69.0,244.0,9.0,59.0,1.0,0.0,8.0,1139.0,67.0,21.0,33.0,17.0,245.0,4.588235378265381,14.0,1914.0,1880.0,-1.0,0.0,2.0,110.5882339477539,112.5882339477539,4.668000221252441
8,Travis Etienne Jr.,1255.0,62.0,1125.0,66.17646789550781,220.0,8.0,52.0,3.0,3.0,5.0,1125.0,66.17646789550781,29.0,57.0,17.0,220.0,1.7647058963775635,5.0,1441.0,1441.0,-1.0,1.0,1.0,84.76470947265625,84.76470947265625,5.113999843597412
9,Aaron Jones,1146.0,36.0,1121.0,65.94117736816406,213.0,6.0,54.0,3.0,1.0,2.0,1121.0,65.94117736816406,23.0,57.0,17.0,213.0,2.470588207244873,7.0,1516.0,1516.0,-1.0,0.0,0.0,89.17646789550781,89.17646789550781,5.263000011444092
10,Jamaal Williams,1631.0,58.0,1066.0,62.70588302612305,262.0,4.0,65.0,3.0,2.0,17.0,1066.0,62.70588302612305,20.0,43.0,17.0,262.0,6.0,17.0,1139.0,1139.0,-1.0,1.0,1.0,67.0,67.0,4.068999767303467
11,Kenneth Walker III,1365.0,74.0,1050.0,70.0,228.0,10.0,51.0,0.0,0.0,9.0,1050.0,70.0,33.0,83.0,17.0,228.0,3.5999999046325684,9.0,1215.0,1215.0,-1.0,0.0,0.0,81.0,81.0,4.605000019073486
12,Rhamondre Stevenson,1200.0,49.0,1040.0,61.17647171020508,210.0,7.0,49.0,2.0,1.0,5.0,1040.0,61.17647171020508,18.0,43.0,17.0,210.0,2.117647171020508,6.0,1461.0,1461.0,-1.0,0.0,0.0,85.94117736816406,85.94117736816406,4.952000141143799
13,Tyler Allgeier,1140.0,44.0,1035.0,64.6875,210.0,6.0,53.0,0.0,0.0,3.0,1035.0,64.6875,14.0,23.0,17.0,210.0,1.5,4.0,1174.0,1174.0,-1.0,1.0,1.0,73.375,73.375,4.928999900817871
14,Najee Harris,1249.0,36.0,1038.0,61.05882263183594,272.0,1.0,45.0,2.0,1.0,7.0,1034.0,60.82352828979492,22.0,49.0,17.0,273.0,3.529411792755127,10.0,1267.0,1263.0,-1.0,0.0,0.0,74.29412078857422,74.52941131591797,3.8010001182556152
15,Tony Pollard,1322.0,57.0,1007.0,62.9375,193.0,9.0,46.0,0.0,0.0,9.0,1007.0,62.9375,19.0,60.0,17.0,193.0,4.5,12.0,1378.0,1378.0,-1.0,0.0,0.0,86.125,86.125,5.2179999351501465
16,Dameon Pierce,1049.0,75.0,939.0,72.23076629638672,220.0,7.0,54.0,4.0,2.0,4.0,939.0,72.23076629638672,27.0,60.0,17.0,220.0,2.307692289352417,5.0,1104.0,1104.0,-1.0,0.0,0.0,84.92308044433594,84.92308044433594,4.26800012588501
17,Austin Ekeler,1325.0,72.0,915.0,53.82352828979492,204.0,4.0,46.0,3.0,2.0,13.0,915.0,53.82352828979492,20.0,33.0,17.0,204.0,6.352941036224365,18.0,1637.0,1637.0,-1.0,0.0,0.0,96.29412078857422,96.29412078857422,4.485000133514404
18,D'Onta Foreman,1089.0,60.0,914.0,53.764705657958984,203.0,8.0,45.0,1.0,0.0,5.0,914.0,53.764705657958984,17.0,28.0,17.0,203.0,1.7647058963775635,5.0,940.0,940.0,-1.0,1.0,1.0,55.29411697387695,55.29411697387695,4.501999855041504
19,Alvin Kamara,907.0,27.0,897.0,59.79999923706055,223.0,3.0,40.0,2.0,2.0,2.0,897.0,59.79999923706055,16.0,33.0,17.0,223.0,1.600000023841858,4.0,1387.0,1387.0,-1.0,0.0,0.0,92.46666717529297,92.46666717529297,4.021999835968018
20,Raheem Mostert,981.0,67.0,891.0,55.6875,181.0,6.0,44.0,1.0,1.0,3.0,891.0,55.6875,15.0,28.0,17.0,181.0,1.875,5.0,1093.0,1093.0,-1.0,0.0,0.0,68.3125,68.3125,4.922999858856201
21,Ezekiel Elliott,1296.0,27.0,876.0,58.400001525878906,231.0,5.0,52.0,0.0,0.0,12.0,876.0,58.400001525878906,16.0,35.0,17.0,231.0,4.800000190734863,12.0,968.0,968.0,-1.0,0.0,0.0,64.53333282470703,64.53333282470703,3.7920000553131104
22,Jonathan Taylor,956.0,66.0,861.0,78.2727279663086,192.0,5.0,39.0,3.0,3.0,4.0,861.0,78.2727279663086,15.0,30.0,17.0,192.0,2.1818182468414307,4.0,1004.0,1004.0,-1.0,0.0,0.0,91.2727279663086,91.2727279663086,4.484000205993652
23,Jeff Wilson Jr.,1005.0,41.0,860.0,53.75,176.0,7.0,44.0,2.0,1.0,5.0,860.0,53.75,16.0,20.0,17.0,176.0,2.25,6.0,1045.0,1045.0,-1.0,0.0,0.0,65.3125,65.3125,4.886000156402588
24,Isiah Pacheco,975.0,31.0,830.0,48.82352828979492,170.0,3.0,37.0,3.0,2.0,5.0,830.0,48.82352828979492,5.0,9.0,17.0,170.0,1.7647058963775635,5.0,960.0,960.0,-1.0,0.0,0.0,56.47058868408203,56.47058868408203,4.881999969482422
25,Devin Singletary,949.0,33.0,819.0,51.1875,177.0,5.0,42.0,3.0,3.0,5.0,819.0,51.1875,19.0,43.0,16.0,177.0,2.25,6.0,1099.0,1099.0,-1.0,0.0,0.0,68.6875,68.6875,4.626999855041504
26,Joe Mixon,1059.0,40.0,814.0,58.14285659790039,210.0,4.0,47.0,0.0,0.0,7.0,814.0,58.14285659790039,15.0,33.0,16.0,210.0,3.857142925262451,9.0,1255.0,1255.0,-1.0,0.0,0.0,89.64286041259766,89.64286041259766,3.875999927520752
27,David Montgomery,946.0,28.0,801.0,50.0625,201.0,2.0,41.0,1.0,1.0,5.0,801.0,50.0625,13.0,41.0,17.0,201.0,2.25,6.0,1117.0,1117.0,-1.0,0.0,0.0,69.8125,69.8125,3.984999895095825
28,Brian Robinson Jr.,867.0,24.0,797.0,66.41666412353516,205.0,2.0,49.0,2.0,0.0,2.0,797.0,66.41666412353516,12.0,19.0,17.0,205.0,1.5,3.0,857.0,857.0,-1.0,0.0,0.0,71.41666412353516,71.41666412353516,3.888000011444092
29,Cam Akers,1001.0,42.0,786.0,52.400001525878906,188.0,3.0,39.0,2.0,2.0,7.0,786.0,52.400001525878906,22.0,51.0,17.0,188.0,2.799999952316284,7.0,903.0,903.0,-1.0,0.0,0.0,60.20000076293945,60.20000076293945,4.181000232696533
30,James Conner,1012.0,23.0,782.0,60.153846740722656,183.0,3.0,48.0,3.0,1.0,7.0,782.0,60.153846740722656,12.0,17.0,17.0,183.0,3.692307710647583,8.0,1082.0,1082.0,-1.0,0.0,0.0,83.23076629638672,83.23076629638672,4.2729997634887695
31,AJ Dillon,1015.0,27.0,770.0,45.29411697387695,186.0,3.0,47.0,0.0,0.0,7.0,770.0,45.29411697387695,9.0,18.0,17.0,186.0,2.470588207244873,7.0,976.0,976.0,-1.0,0.0,0.0,57.411766052246094,57.411766052246094,4.139999866485596
32,Lamar Jackson,839.0,79.0,2892.0,241.0,112.0,5.0,46.0,4.0,1.0,3.0,764.0,63.66666793823242,9.0,21.0,17.0,464.0,1.5,20.0,3006.0,764.0,-1.0,0.0,0.0,63.66666793823242,250.5,6.821000099182129
33,Josh Allen,932.0,44.0,4883.0,305.1875,124.0,8.0,55.0,8.0,2.0,7.0,762.0,47.625,6.0,8.0,16.0,724.0,2.625,42.0,5045.0,762.0,-1.0,1.0,1.0,47.625,315.3125,6.144999980926514
34,Latavius Murray,970.0,52.0,760.0,58.46154022216797,171.0,5.0,44.0,1.0,0.0,6.0,760.0,58.46154022216797,10.0,21.0,14.0,171.0,2.769230842590332,6.0,892.0,892.0,-1.0,1.0,1.0,68.61538696289062,68.61538696289062,4.443999767303467
35,Jalen Hurts,1185.0,42.0,4230.0,282.0,165.0,7.0,67.0,5.0,0.0,13.0,760.0,50.66666793823242,6.0,11.0,17.0,663.0,5.199999809265137,35.0,4461.0,760.0,-1.0,2.0,2.0,50.66666793823242,297.3999938964844,4.605999946594238
36,Khalil Herbert,871.0,63.0,731.0,56.230770111083984,129.0,4.0,26.0,0.0,0.0,4.0,731.0,56.230770111083984,8.0,13.0,17.0,129.0,2.307692289352417,5.0,788.0,788.0,-1.0,0.0,0.0,60.61538314819336,60.61538314819336,5.666999816894531
37,Daniel Jones,908.0,25.0,3670.0,229.375,120.0,4.0,57.0,2.0,1.0,7.0,708.0,44.25,1.0,6.0,17.0,636.0,2.625,22.0,3913.0,708.0,-1.0,0.0,0.0,44.25,244.5625,5.900000095367432
38,Cordarrelle Patterson,960.0,40.0,695.0,53.46154022216797,144.0,4.0,39.0,1.0,1.0,8.0,695.0,53.46154022216797,16.0,33.0,17.0,144.0,3.692307710647583,8.0,817.0,817.0,-1.0,0.0,0.0,62.846153259277344,62.846153259277344,4.826000213623047
39,Leonard Fournette,773.0,23.0,668.0,41.75,189.0,1.0,39.0,0.0,0.0,3.0,668.0,41.75,19.0,30.0,17.0,190.0,2.25,6.0,1191.0,1191.0,-1.0,0.0,0.0,74.4375,74.4375,3.5339999198913574
40,Taysom Hill,820.0,60.0,801.0,50.0625,96.0,3.0,34.0,1.0,0.0,7.0,575.0,35.9375,7.0,10.0,17.0,117.0,3.375,11.0,892.0,652.0,-1.0,0.0,0.0,40.75,55.75,5.989999771118164
41,Antonio Gibson,651.0,20.0,546.0,36.400001525878906,149.0,1.0,32.0,1.0,0.0,3.0,546.0,36.400001525878906,9.0,26.0,17.0,149.0,2.0,5.0,899.0,899.0,-1.0,0.0,0.0,59.93333435058594,59.93333435058594,3.6640000343322754
42,D'Andre Swift,717.0,50.0,542.0,38.71428680419922,99.0,3.0,21.0,0.0,0.0,5.0,542.0,38.71428680419922,12.0,26.0,17.0,99.0,3.4285714626312256,8.0,931.0,931.0,-1.0,1.0,1.0,66.5,66.5,5.474999904632568
43,J.K. Dobbins,590.0,44.0,520.0,65.0,92.0,4.0,26.0,0.0,0.0,2.0,520.0,65.0,8.0,14.0,17.0,92.0,2.25,3.0,562.0,562.0,-1.0,0.0,0.0,70.25,70.25,5.6519999504089355
44,James Cook,562.0,33.0,507.0,31.6875,89.0,6.0,24.0,1.0,1.0,2.0,507.0,31.6875,5.0,7.0,16.0,89.0,1.125,3.0,687.0,687.0,-1.0,0.0,0.0,42.9375,42.9375,5.697000026702881
45,Kenyan Drake,622.0,40.0,482.0,40.16666793823242,109.0,5.0,21.0,1.0,0.0,4.0,482.0,40.16666793823242,15.0,32.0,17.0,109.0,2.5,5.0,571.0,571.0,-1.0,0.0,0.0,47.58333206176758,47.58333206176758,4.421999931335449
46,Rachaad White,471.0,35.0,481.0,28.294116973876953,129.0,2.0,27.0,1.0,1.0,1.0,481.0,28.294116973876953,10.0,21.0,17.0,129.0,1.058823585510254,3.0,771.0,771.0,-1.0,0.0,1.0,45.35293960571289,45.35293960571289,3.7290000915527344
47,Kareem Hunt,573.0,24.0,468.0,27.52941131591797,123.0,2.0,30.0,1.0,0.0,3.0,468.0,27.52941131591797,13.0,33.0,17.0,123.0,1.4117647409439087,4.0,678.0,678.0,-1.0,0.0,0.0,39.882354736328125,39.882354736328125,3.805000066757202
48,Chuba Hubbard,521.0,35.0,466.0,31.066667556762695,95.0,3.0,23.0,0.0,0.0,2.0,466.0,31.066667556762695,6.0,12.0,17.0,95.0,0.800000011920929,2.0,637.0,637.0,-1.0,0.0,0.0,42.46666717529297,42.46666717529297,4.90500020980835
49,Breece Hall,588.0,62.0,463.0,66.14286041259766,80.0,3.0,20.0,0.0,0.0,4.0,463.0,66.14286041259766,9.0,21.0,17.0,80.0,4.285714149475098,5.0,681.0,681.0,-1.0,0.0,0.0,97.28571319580078,97.28571319580078,5.788000106811523
50,Damien Harris,567.0,30.0,462.0,42.0,106.0,2.0,23.0,0.0,0.0,3.0,462.0,42.0,7.0,19.0,17.0,106.0,1.6363636255264282,3.0,559.0,559.0,-1.0,0.0,0.0,50.818180084228516,50.818180084228516,4.357999801635742
51,Zack Moss,476.0,43.0,456.0,35.07692337036133,93.0,2.0,18.0,1.0,1.0,1.0,456.0,35.07692337036133,4.0,13.0,16.0,93.0,0.4615384638309479,1.0,495.0,495.0,-1.0,0.0,0.0,38.07692337036133,38.07692337036133,4.9029998779296875
52,Marcus Mariota,533.0,30.0,2462.0,189.38461303710938,85.0,4.0,30.0,5.0,2.0,4.0,438.0,33.69230651855469,8.0,17.0,17.0,413.0,1.8461538553237915,19.0,2657.0,438.0,-1.0,0.0,0.0,33.69230651855469,204.38461303710938,5.1529998779296875
53,Gus Edwards,523.0,37.0,433.0,48.11111068725586,87.0,3.0,30.0,1.0,1.0,3.0,433.0,48.11111068725586,6.0,6.0,17.0,87.0,2.0,3.0,433.0,433.0,-1.0,0.0,0.0,48.11111068725586,48.11111068725586,4.9770002365112305
54,James Robinson,530.0,50.0,425.0,38.6363639831543,110.0,4.0,22.0,1.0,0.0,3.0,425.0,38.6363639831543,12.0,17.0,17.0,110.0,2.7272727489471436,5.0,476.0,476.0,-1.0,0.0,0.0,43.272727966308594,43.272727966308594,3.864000082015991
55,Kyler Murray,493.0,42.0,2594.0,235.81817626953125,67.0,3.0,23.0,6.0,2.0,3.0,418.0,38.0,5.0,14.0,17.0,482.0,1.6363636255264282,17.0,2786.0,418.0,-1.0,1.0,1.0,38.0,253.27272033691406,6.238999843597412
56,Michael Carter,492.0,25.0,402.0,25.125,114.0,3.0,14.0,1.0,1.0,3.0,402.0,25.125,9.0,21.0,17.0,114.0,1.125,3.0,690.0,690.0,-1.0,0.0,0.0,43.125,43.125,3.5260000228881836
57,Samaje Perine,464.0,29.0,394.0,24.625,95.0,1.0,19.0,0.0,0.0,2.0,394.0,24.625,6.0,19.0,16.0,95.0,2.25,6.0,681.0,681.0,-1.0,0.0,1.0,42.5625,42.5625,4.146999835968018
58,Jaylen Warren,414.0,31.0,379.0,23.6875,77.0,3.0,20.0,1.0,0.0,1.0,379.0,23.6875,4.0,6.0,17.0,77.0,0.375,1.0,593.0,593.0,-1.0,0.0,0.0,37.0625,37.0625,4.921999931335449
59,Geno Smith,341.0,25.0,4300.0,252.94117736816406,68.0,2.0,24.0,3.0,2.0,1.0,366.0,21.52941131591797,4.0,9.0,17.0,686.0,0.3529411852359772,31.0,4648.0,366.0,-1.0,0.0,0.0,21.52941131591797,273.4117736816406,5.381999969482422
60,Caleb Huntley,401.0,30.0,366.0,30.5,76.0,2.0,18.0,1.0,0.0,1.0,366.0,30.5,5.0,5.0,15.0,76.0,0.5,1.0,369.0,369.0,-1.0,0.0,0.0,30.75,30.75,4.815999984741211
61,Patrick Mahomes,498.0,20.0,5420.0,318.8235168457031,61.0,1.0,25.0,5.0,0.0,4.0,358.0,21.058822631835938,0.0,0.0,17.0,735.0,1.4117647409439087,45.0,5614.0,364.0,-1.0,1.0,1.0,21.41176414489746,330.23529052734375,5.86899995803833
62,Rashaad Penny,416.0,41.0,346.0,69.19999694824219,57.0,5.0,15.0,1.0,0.0,2.0,346.0,69.19999694824219,4.0,7.0,17.0,57.0,2.4000000953674316,2.0,362.0,362.0,-1.0,0.0,0.0,72.4000015258789,72.4000015258789,6.070000171661377
63,Melvin Gordon III,358.0,17.0,318.0,31.799999237060547,90.0,0.0,15.0,4.0,2.0,2.0,318.0,31.799999237060547,9.0,18.0,10.0,90.0,1.2000000476837158,2.0,541.0,541.0,-1.0,0.0,0.0,54.099998474121094,54.099998474121094,3.5329999923706055
64,Eno Benjamin,383.0,45.0,313.0,20.866666793823242,77.0,1.0,14.0,0.0,0.0,2.0,313.0,20.866666793823242,9.0,20.0,18.0,77.0,0.800000011920929,2.0,506.0,506.0,-1.0,1.0,1.0,33.733333587646484,33.733333587646484,4.065000057220459
65,Clyde Edwards-Helaire,407.0,52.0,302.0,30.200000762939453,71.0,2.0,15.0,0.0,0.0,3.0,302.0,30.200000762939453,4.0,12.0,17.0,71.0,3.5999999046325684,6.0,453.0,453.0,-1.0,0.0,0.0,45.29999923706055,45.29999923706055,4.254000186920166
66,Zonovan Knight,335.0,48.0,300.0,42.85714340209961,85.0,1.0,14.0,1.0,0.0,1.0,300.0,42.85714340209961,13.0,30.0,10.0,85.0,0.8571428656578064,1.0,400.0,400.0,-1.0,0.0,0.0,57.14285659790039,57.14285659790039,3.5290000438690186
67,Jerick McKinnon,311.0,30.0,291.0,17.117647171020508,72.0,2.0,12.0,0.0,0.0,1.0,291.0,17.117647171020508,8.0,12.0,17.0,72.0,3.529411792755127,10.0,803.0,803.0,-1.0,0.0,0.0,47.235294342041016,47.235294342041016,4.041999816894531
68,Trevor Lawrence,331.0,24.0,4220.0,248.23529052734375,62.0,1.0,27.0,5.0,4.0,5.0,291.0,17.117647171020508,1.0,2.0,17.0,673.0,1.7647058963775635,30.0,4404.0,291.0,-1.0,0.0,0.0,17.117647171020508,259.058837890625,4.693999767303467
69,Joshua Kelley,357.0,22.0,287.0,22.076923370361328,69.0,1.0,16.0,0.0,0.0,2.0,287.0,22.076923370361328,2.0,4.0,17.0,69.0,0.9230769276618958,2.0,388.0,388.0,-1.0,0.0,0.0,29.846153259277344,29.846153259277344,4.158999919891357
70,Darrell Henderson Jr.,388.0,23.0,283.0,28.299999237060547,70.0,1.0,14.0,0.0,0.0,3.0,283.0,28.299999237060547,1.0,1.0,12.0,70.0,1.7999999523162842,3.0,385.0,385.0,-1.0,0.0,0.0,38.5,38.5,4.043000221252441
71,Alexander Mattison,458.0,15.0,283.0,16.647058486938477,74.0,0.0,21.0,0.0,0.0,5.0,283.0,16.647058486938477,11.0,23.0,17.0,74.0,2.117647171020508,6.0,374.0,374.0,-1.0,0.0,0.0,22.0,22.0,3.8239998817443848
72,Elijah Mitchell,349.0,37.0,279.0,55.79999923706055,45.0,1.0,15.0,0.0,0.0,2.0,279.0,55.79999923706055,2.0,2.0,17.0,45.0,2.4000000953674316,2.0,286.0,286.0,-1.0,0.0,0.0,57.20000076293945,57.20000076293945,6.199999809265137
73,Russell Wilson,352.0,19.0,3433.0,228.86666870117188,55.0,0.0,21.0,2.0,0.0,3.0,277.0,18.46666717529297,2.0,3.0,17.0,593.0,1.2000000476837158,19.0,3802.0,278.0,-1.0,0.0,0.0,18.53333282470703,253.46665954589844,5.035999774932861
74,Justice Hill,247.0,34.0,262.0,17.46666717529297,49.0,1.0,15.0,1.0,1.0,0.0,262.0,17.46666717529297,2.0,5.0,17.0,49.0,0.0,0.0,320.0,320.0,-1.0,0.0,0.0,21.33333396911621,21.33333396911621,5.3470001220703125
75,Jordan Mason,293.0,55.0,258.0,16.125,43.0,1.0,10.0,0.0,0.0,1.0,258.0,16.125,4.0,8.0,17.0,43.0,0.375,1.0,258.0,258.0,-1.0,0.0,0.0,16.125,16.125,6.0
76,Joe Burrow,387.0,23.0,4473.0,279.5625,75.0,2.0,27.0,0.0,0.0,5.0,257.0,16.0625,1.0,6.0,16.0,722.0,1.875,40.0,4732.0,257.0,-1.0,0.0,0.0,16.0625,295.75,3.427000045776367
77,Chase Edmonds,315.0,28.0,245.0,18.846153259277344,68.0,3.0,8.0,0.0,0.0,2.0,245.0,18.846153259277344,9.0,20.0,17.0,68.0,1.384615421295166,3.0,402.0,402.0,-1.0,0.0,0.0,30.923076629638672,30.923076629638672,3.6029999256134033
78,Jacoby Brissett,253.0,22.0,2691.0,168.1875,49.0,3.0,28.0,1.0,1.0,2.0,243.0,15.1875,0.0,0.0,17.0,442.0,0.75,14.0,2851.0,243.0,-1.0,0.0,0.0,15.1875,178.1875,4.959000110626221
79,Kenneth Gainwell,380.0,13.0,240.0,14.117647171020508,53.0,0.0,17.0,0.0,0.0,4.0,240.0,14.117647171020508,1.0,1.0,17.0,53.0,1.4117647409439087,4.0,409.0,409.0,-1.0,0.0,0.0,24.058822631835938,24.058822631835938,4.5279998779296875
80,Kenny Pickett,327.0,23.0,2459.0,189.15383911132812,55.0,1.0,23.0,3.0,0.0,3.0,237.0,18.230770111083984,2.0,6.0,17.0,471.0,1.384615421295166,10.0,2641.0,237.0,-1.0,0.0,0.0,18.230770111083984,203.15383911132812,4.309000015258789
81,Deon Jackson,256.0,17.0,236.0,14.75,68.0,0.0,13.0,1.0,1.0,1.0,236.0,14.75,6.0,12.0,17.0,68.0,0.75,2.0,445.0,445.0,-1.0,0.0,0.0,27.8125,27.8125,3.4709999561309814
82,Mark Ingram II,238.0,14.0,233.0,23.299999237060547,62.0,0.0,12.0,1.0,1.0,1.0,233.0,23.299999237060547,4.0,8.0,17.0,62.0,0.6000000238418579,1.0,301.0,301.0,-1.0,1.0,2.0,30.100000381469727,30.100000381469727,3.757999897003174
83,Deebo Samuel,307.0,51.0,232.0,17.846153259277344,42.0,3.0,8.0,3.0,2.0,3.0,232.0,17.846153259277344,5.0,12.0,17.0,42.0,2.307692289352417,5.0,864.0,864.0,-1.0,0.0,0.0,66.46154022216797,66.46154022216797,5.52400016784668
84,Matt Breida,255.0,18.0,220.0,12.941176414489746,54.0,0.0,13.0,0.0,0.0,1.0,220.0,12.941176414489746,6.0,14.0,17.0,54.0,0.3529411852359772,1.0,338.0,338.0,-1.0,0.0,0.0,19.882352828979492,19.882352828979492,4.073999881744385
85,Boston Scott,322.0,21.0,217.0,14.466666221618652,54.0,1.0,12.0,0.0,0.0,3.0,217.0,14.466666221618652,8.0,12.0,17.0,54.0,1.2000000476837158,3.0,232.0,232.0,-1.0,0.0,0.0,15.466666221618652,15.466666221618652,4.019000053405762
86,Javonte Williams,189.0,17.0,204.0,51.0,47.0,0.0,9.0,1.0,1.0,0.0,204.0,51.0,5.0,11.0,17.0,47.0,0.0,0.0,280.0,280.0,-1.0,0.0,0.0,70.0,70.0,4.340000152587891
87,JaMycal Hasty,264.0,61.0,194.0,11.411765098571777,46.0,1.0,7.0,0.0,0.0,2.0,194.0,11.411765098571777,10.0,22.0,17.0,46.0,1.058823585510254,3.0,320.0,320.0,-1.0,0.0,0.0,18.823530197143555,18.823530197143555,4.2170000076293945
88,Curtis Samuel,207.0,21.0,187.0,11.0,38.0,2.0,11.0,1.0,1.0,1.0,187.0,11.0,6.0,14.0,17.0,38.0,1.7647058963775635,5.0,843.0,843.0,-1.0,0.0,0.0,49.588233947753906,49.588233947753906,4.921000003814697
89,DeeJay Dallas,186.0,27.0,186.0,12.399999618530273,35.0,1.0,9.0,0.0,0.0,0.0,186.0,12.399999618530273,1.0,1.0,17.0,36.0,0.0,0.0,312.0,312.0,-1.0,0.0,0.0,20.799999237060547,20.799999237060547,5.314000129699707
90,Dak Prescott,202.0,25.0,2916.0,243.0,45.0,1.0,19.0,2.0,1.0,1.0,182.0,15.166666984558105,0.0,0.0,17.0,459.0,0.5,24.0,3042.0,182.0,-1.0,0.0,0.0,15.166666984558105,253.5,4.044000148773193
91,Deshaun Watson,210.0,21.0,1171.0,195.1666717529297,36.0,2.0,10.0,1.0,0.0,1.0,175.0,29.16666603088379,0.0,0.0,17.0,226.0,1.0,8.0,1277.0,175.0,-1.0,0.0,0.0,29.16666603088379,212.8333282470703,4.861000061035156
92,Justin Jackson,205.0,27.0,170.0,10.625,42.0,1.0,8.0,0.0,0.0,1.0,170.0,10.625,6.0,14.0,17.0,42.0,0.75,2.0,271.0,271.0,-1.0,0.0,1.0,16.9375,16.9375,4.047999858856201
93,Malik Davis,196.0,23.0,161.0,13.416666984558105,38.0,2.0,6.0,0.0,0.0,1.0,161.0,13.416666984558105,6.0,9.0,12.0,38.0,0.5,1.0,224.0,224.0,-1.0,0.0,0.0,18.66666603088379,18.66666603088379,4.236999988555908
94,Ty Johnson,195.0,32.0,160.0,9.411765098571777,30.0,2.0,5.0,0.0,0.0,1.0,160.0,9.411765098571777,5.0,13.0,17.0,30.0,0.3529411852359772,1.0,248.0,248.0,-1.0,0.0,0.0,14.588234901428223,14.588234901428223,5.333000183105469
95,Jonathan Williams,152.0,23.0,152.0,11.692307472229004,37.0,1.0,6.0,0.0,0.0,0.0,152.0,11.692307472229004,4.0,7.0,17.0,37.0,0.0,0.0,192.0,192.0,-1.0,0.0,0.0,14.769230842590332,14.769230842590332,4.107999801635742
96,Justin Herbert,102.0,23.0,4680.0,275.29412841796875,54.0,1.0,17.0,4.0,0.0,0.0,147.0,8.647058486938477,0.0,0.0,17.0,791.0,0.0,25.0,4876.0,137.0,-1.0,0.0,0.0,8.058823585510254,286.8235168457031,2.7219998836517334
97,Dontrell Hilliard,145.0,30.0,145.0,12.083333015441895,22.0,2.0,4.0,0.0,0.0,0.0,145.0,12.083333015441895,0.0,0.0,17.0,22.0,2.0,4.0,322.0,322.0,-1.0,0.0,0.0,26.83333396911621,26.83333396911621,6.591000080108643
98,Gary Brightwell,176.0,25.0,141.0,8.29411792755127,31.0,1.0,9.0,0.0,0.0,1.0,141.0,8.29411792755127,4.0,6.0,17.0,31.0,0.3529411852359772,1.0,180.0,180.0,-1.0,0.0,0.0,10.588234901428223,10.588234901428223,4.547999858856201
99,Kyren Williams,139.0,17.0,139.0,13.899999618530273,35.0,0.0,6.0,0.0,0.0,0.0,139.0,13.899999618530273,5.0,8.0,17.0,35.0,0.0,0.0,215.0,215.0,-1.0,0.0,0.0,21.5,21.5,3.9709999561309814
100,Tyler Huntley,172.0,14.0,761.0,126.83333587646484,43.0,0.0,12.0,3.0,0.0,1.0,137.0,22.83333396911621,2.0,5.0,17.0,162.0,1.0,3.0,795.0,137.0,-1.0,1.0,1.0,22.83333396911621,132.5,3.186000108718872
101,Dare Ogunbowale,158.0,11.0,123.0,7.235294342041016,42.0,0.0,10.0,0.0,0.0,1.0,123.0,7.235294342041016,4.0,7.0,17.0,42.0,0.3529411852359772,1.0,227.0,227.0,-1.0,0.0,1.0,13.352941513061523,13.352941513061523,2.928999900817871
102,Malik Willis,128.0,17.0,350.0,43.75,27.0,0.0,8.0,3.0,2.0,1.0,123.0,15.375,3.0,6.0,17.0,98.0,0.75,1.0,399.0,123.0,-1.0,0.0,0.0,15.375,49.875,4.556000232696533
103,Royce Freeman,102.0,11.0,117.0,29.25,41.0,0.0,7.0,1.0,1.0,0.0,117.0,29.25,4.0,14.0,5.0,41.0,0.0,0.0,150.0,150.0,-1.0,0.0,0.0,37.5,37.5,2.8540000915527344
104,Avery Williams,129.0,21.0,109.0,6.411764621734619,22.0,1.0,6.0,0.0,0.0,1.0,109.0,6.411764621734619,4.0,13.0,17.0,22.0,0.3529411852359772,1.0,170.0,170.0,-1.0,0.0,0.0,10.0,10.0,4.954999923706055
105,Davis Mills,133.0,17.0,2982.0,198.8000030517578,32.0,0.0,8.0,3.0,1.0,2.0,108.0,7.199999809265137,0.0,0.0,17.0,542.0,0.800000011920929,19.0,3226.0,108.0,-1.0,0.0,0.0,7.199999809265137,215.06666564941406,3.375
106,Sony Michel,106.0,12.0,106.0,10.600000381469727,36.0,0.0,8.0,0.0,0.0,0.0,106.0,10.600000381469727,2.0,6.0,15.0,36.0,0.0,0.0,159.0,159.0,-1.0,0.0,0.0,15.899999618530273,15.899999618530273,2.944000005722046
107,Sam Darnold,146.0,26.0,1171.0,195.1666717529297,26.0,1.0,10.0,5.0,1.0,2.0,106.0,17.66666603088379,2.0,2.0,17.0,176.0,2.0,9.0,1249.0,106.0,-1.0,0.0,0.0,17.66666603088379,208.1666717529297,4.077000141143799
108,Velus Jones Jr.,93.0,42.0,103.0,8.583333015441895,9.0,1.0,5.0,1.0,1.0,1.0,103.0,8.583333015441895,1.0,1.0,17.0,9.0,1.0,2.0,210.0,210.0,-1.0,0.0,0.0,17.5,17.5,11.444000244140625
109,Derek Carr,102.0,20.0,3433.0,228.86666870117188,24.0,1.0,10.0,1.0,0.0,0.0,102.0,6.800000190734863,0.0,0.0,17.0,553.0,0.0,24.0,3624.0,102.0,-1.0,0.0,0.0,6.800000190734863,241.60000610351562,4.25
110,Darrel Williams,137.0,30.0,102.0,17.0,21.0,1.0,8.0,0.0,0.0,1.0,102.0,17.0,1.0,1.0,17.0,21.0,1.0,1.0,111.0,111.0,-1.0,0.0,0.0,18.5,18.5,4.85699987411499
111,Mike Boone,102.0,18.0,102.0,11.333333015441895,24.0,0.0,6.0,0.0,0.0,0.0,102.0,11.333333015441895,1.0,1.0,17.0,24.0,0.0,0.0,198.0,198.0,-1.0,0.0,0.0,22.0,22.0,4.25
112,Mac Jones,122.0,15.0,2868.0,204.85714721679688,47.0,0.0,12.0,3.0,0.0,1.0,102.0,7.285714149475098,1.0,1.0,17.0,523.0,0.4285714328289032,15.0,3099.0,102.0,-1.0,0.0,0.0,7.285714149475098,221.35714721679688,2.1700000762939453
113,Zach Wilson,122.0,18.0,1615.0,179.44444274902344,28.0,0.0,7.0,0.0,0.0,1.0,102.0,11.333333015441895,0.0,0.0,17.0,293.0,1.3333333730697632,8.0,1792.0,104.0,-1.0,0.0,0.0,11.55555534362793,199.11111450195312,3.6429998874664307
114,Craig Reynolds,102.0,21.0,102.0,11.333333015441895,23.0,1.0,4.0,0.0,0.0,0.0,102.0,11.333333015441895,3.0,9.0,17.0,23.0,0.0,0.0,218.0,218.0,-1.0,0.0,0.0,24.22222137451172,24.22222137451172,4.434999942779541
115,Pierre Strong Jr.,135.0,44.0,100.0,6.666666507720947,10.0,1.0,5.0,0.0,0.0,1.0,100.0,6.666666507720947,0.0,0.0,17.0,10.0,0.4000000059604645,1.0,142.0,142.0,-1.0,0.0,0.0,9.466666221618652,9.466666221618652,10.0
116,Tyrion Davis-Price,99.0,20.0,99.0,16.5,34.0,1.0,5.0,0.0,0.0,0.0,99.0,16.5,4.0,12.0,17.0,34.0,0.0,0.0,99.0,99.0,-1.0,0.0,0.0,16.5,16.5,2.9119999408721924
117,Ryan Tannehill,138.0,17.0,2396.0,199.6666717529297,34.0,0.0,12.0,1.0,1.0,2.0,98.0,8.166666984558105,1.0,2.0,17.0,392.0,1.0,15.0,2634.0,98.0,-1.0,0.0,0.0,8.166666984558105,219.5,2.881999969482422
118,Kirk Cousins,122.0,19.0,4315.0,253.8235321044922,31.0,0.0,11.0,2.0,0.0,2.0,97.0,5.705882549285889,2.0,7.0,17.0,720.0,0.7058823704719543,31.0,4644.0,97.0,-1.0,0.0,0.0,5.705882549285889,273.1764831542969,3.128999948501587
119,Taylor Heinicke,56.0,15.0,1814.0,201.55555725097656,28.0,0.0,6.0,1.0,0.0,1.0,96.0,10.666666984558105,3.0,7.0,17.0,306.0,0.6666666865348816,13.0,1955.0,96.0,-1.0,0.0,0.0,10.666666984558105,217.22222900390625,3.428999900817871
120,J.D. McKissic,95.0,33.0,95.0,11.875,22.0,1.0,5.0,0.0,0.0,0.0,95.0,11.875,2.0,3.0,17.0,22.0,0.0,0.0,268.0,268.0,-1.0,0.0,0.0,33.5,33.5,4.317999839782715
121,Amon-Ra St. Brown,95.0,58.0,95.0,5.9375,9.0,1.0,3.0,0.0,0.0,0.0,95.0,5.9375,0.0,0.0,17.0,9.0,2.25,6.0,1256.0,1256.0,-1.0,0.0,0.0,78.5,78.5,10.555999755859375
122,Aaron Rodgers,69.0,18.0,3531.0,207.7058868408203,34.0,0.0,9.0,3.0,2.0,1.0,94.0,5.529411792755127,0.0,0.0,17.0,608.0,0.3529411852359772,27.0,3789.0,94.0,-1.0,0.0,0.0,5.529411792755127,222.88235473632812,2.765000104904175
123,Hassan Haskins,93.0,12.0,93.0,6.199999809265137,25.0,0.0,5.0,0.0,0.0,0.0,93.0,6.199999809265137,0.0,0.0,17.0,25.0,0.0,0.0,150.0,150.0,-1.0,0.0,0.0,10.0,10.0,3.7200000286102295
124,Braxton Berrios,161.0,25.0,93.0,5.470588207244873,9.0,2.0,5.0,0.0,0.0,2.0,91.0,5.352941036224365,2.0,3.0,17.0,10.0,0.7058823704719543,3.0,238.0,236.0,-1.0,0.0,0.0,13.882352828979492,14.0,10.111000061035156
125,Bryce Perkins,90.0,23.0,201.0,40.20000076293945,19.0,1.0,6.0,0.0,0.0,0.0,90.0,18.0,1.0,4.0,17.0,59.0,0.0,1.0,251.0,90.0,-1.0,0.0,0.0,18.0,50.20000076293945,4.736999988555908
126,Benny Snell Jr.,125.0,16.0,90.0,5.294117450714111,20.0,0.0,6.0,0.0,0.0,1.0,90.0,5.294117450714111,0.0,0.0,17.0,20.0,0.3529411852359772,1.0,107.0,107.0,-1.0,0.0,0.0,6.294117450714111,6.294117450714111,4.5
127,Baker Mayfield,94.0,17.0,2035.0,169.5833282470703,31.0,0.0,7.0,6.0,1.0,1.0,89.0,7.416666507720947,2.0,6.0,17.0,402.0,0.5,11.0,2252.0,89.0,-1.0,0.0,0.0,7.416666507720947,187.6666717529297,2.871000051498413
128,Sam Ehlinger,72.0,19.0,573.0,143.25,17.0,0.0,5.0,1.0,0.0,0.0,87.0,21.75,0.0,0.0,17.0,132.0,0.0,3.0,660.0,87.0,-1.0,0.0,0.0,21.75,165.0,5.118000030517578
129,Carson Wentz,106.0,18.0,1682.0,210.25,22.0,0.0,4.0,3.0,0.0,1.0,86.0,10.75,0.0,0.0,17.0,324.0,0.75,12.0,1841.0,86.0,-1.0,0.0,0.0,10.75,230.125,3.9089999198913574
130,Jamal Agnew,86.0,30.0,86.0,5.733333110809326,12.0,1.0,6.0,0.0,0.0,0.0,86.0,5.733333110809326,2.0,7.0,17.0,12.0,1.2000000476837158,3.0,273.0,273.0,-1.0,0.0,0.0,18.200000762939453,18.200000762939453,7.166999816894531
131,Marlon Mack,119.0,17.0,84.0,10.5,16.0,0.0,4.0,0.0,0.0,1.0,84.0,10.5,1.0,1.0,13.0,16.0,1.5,2.0,183.0,183.0,-1.0,0.0,0.0,22.875,22.875,5.25
132,Jarrett Stidham,69.0,11.0,693.0,138.60000610351562,14.0,0.0,7.0,1.0,0.0,0.0,84.0,16.799999237060547,0.0,0.0,17.0,104.0,0.0,4.0,740.0,84.0,-1.0,0.0,0.0,16.799999237060547,148.0,6.0
133,Devin Duvernay,119.0,18.0,84.0,6.0,12.0,0.0,8.0,0.0,0.0,1.0,84.0,6.0,2.0,5.0,17.0,12.0,1.7142857313156128,4.0,491.0,491.0,-1.0,0.0,0.0,35.07143020629883,35.07143020629883,7.0
134,Kadarius Toney,102.0,32.0,82.0,9.11111068725586,7.0,1.0,5.0,0.0,0.0,1.0,82.0,9.11111068725586,0.0,0.0,17.0,7.0,2.0,3.0,253.0,253.0,-1.0,0.0,0.0,28.11111068725586,28.11111068725586,11.71399974822998
135,Malcolm Brown,116.0,23.0,81.0,7.363636493682861,18.0,1.0,3.0,0.0,0.0,1.0,81.0,7.363636493682861,2.0,4.0,11.0,18.0,0.5454545617103577,1.0,118.0,118.0,-1.0,0.0,0.0,10.727272987365723,10.727272987365723,4.5
136,Rex Burkhead,80.0,9.0,80.0,5.0,26.0,0.0,4.0,0.0,0.0,0.0,80.0,5.0,4.0,8.0,17.0,27.0,0.75,2.0,284.0,284.0,-1.0,0.0,0.0,17.75,17.75,3.0769999027252197
137,Brandon Powell,80.0,20.0,80.0,4.705882549285889,17.0,1.0,6.0,0.0,0.0,0.0,80.0,4.705882549285889,2.0,27.0,17.0,17.0,0.0,0.0,236.0,236.0,-1.0,0.0,0.0,13.882352828979492,13.882352828979492,4.705999851226807
138,Christian Watson,150.0,46.0,80.0,5.714285850524902,7.0,1.0,2.0,0.0,0.0,2.0,80.0,5.714285850524902,1.0,3.0,17.0,7.0,3.857142925262451,9.0,691.0,691.0,-1.0,0.0,0.0,49.35714340209961,49.35714340209961,11.428999900817871
139,Ray-Ray McCloud III,113.0,71.0,78.0,4.588235378265381,4.0,1.0,1.0,0.0,0.0,1.0,78.0,4.588235378265381,0.0,0.0,17.0,4.0,0.7058823704719543,2.0,321.0,321.0,-1.0,0.0,0.0,18.882352828979492,18.882352828979492,19.5
140,Jaret Patterson,78.0,14.0,78.0,26.0,17.0,0.0,3.0,0.0,0.0,0.0,78.0,26.0,0.0,0.0,3.0,17.0,0.0,0.0,78.0,78.0,-1.0,0.0,0.0,26.0,26.0,4.5879998207092285
141,Raheem Blackshear,167.0,16.0,77.0,5.92307710647583,23.0,0.0,7.0,0.0,0.0,3.0,77.0,5.92307710647583,5.0,11.0,15.0,23.0,1.384615421295166,3.0,170.0,170.0,-1.0,0.0,0.0,13.076923370361328,13.076923370361328,3.3480000495910645
142,Jeff Driskel,75.0,10.0,170.0,24.285715103149414,20.0,0.0,4.0,0.0,0.0,0.0,75.0,10.714285850524902,3.0,3.0,7.0,42.0,0.0,1.0,187.0,79.0,-1.0,0.0,0.0,11.285714149475098,26.714284896850586,3.75
143,Travis Homer,59.0,16.0,74.0,7.400000095367432,19.0,0.0,4.0,0.0,0.0,0.0,74.0,7.400000095367432,1.0,2.0,17.0,19.0,0.6000000238418579,1.0,231.0,231.0,-1.0,0.0,0.0,23.100000381469727,23.100000381469727,3.8949999809265137
144,Jared Goff,13.0,14.0,4355.0,256.1764831542969,29.0,0.0,5.0,3.0,1.0,0.0,73.0,4.294117450714111,0.0,0.0,17.0,639.0,0.0,29.0,4516.0,78.0,-1.0,1.0,1.0,4.588235378265381,265.6470642089844,2.5169999599456787
145,Matt Ryan,30.0,39.0,2840.0,236.6666717529297,27.0,1.0,9.0,4.0,2.0,1.0,70.0,5.833333492279053,2.0,10.0,17.0,526.0,0.5,15.0,3127.0,70.0,-1.0,0.0,0.0,5.833333492279053,260.5833435058594,2.5929999351501465
146,Tyrod Taylor,55.0,32.0,110.0,36.66666793823242,5.0,1.0,5.0,1.0,0.0,0.0,70.0,23.33333396911621,0.0,0.0,17.0,16.0,0.0,1.0,128.0,70.0,-1.0,0.0,0.0,23.33333396911621,42.66666793823242,14.0
147,Ronald Jones,105.0,13.0,70.0,11.666666984558105,17.0,0.0,4.0,0.0,0.0,1.0,70.0,11.666666984558105,1.0,1.0,17.0,17.0,1.0,1.0,92.0,92.0,-1.0,0.0,0.0,15.333333015441895,15.333333015441895,4.118000030517578
148,Steven Sims,70.0,22.0,70.0,5.833333492279053,13.0,1.0,5.0,0.0,0.0,0.0,70.0,5.833333492279053,4.0,12.0,17.0,13.0,0.0,0.0,174.0,174.0,-1.0,0.0,0.0,14.5,14.5,5.385000228881836
149,Tua Tagovailoa,55.0,18.0,3455.0,265.76922607421875,24.0,0.0,4.0,2.0,0.0,0.0,70.0,5.384615421295166,0.0,0.0,17.0,445.0,0.0,25.0,3618.0,70.0,-1.0,0.0,0.0,5.384615421295166,278.30767822265625,2.9170000553131104
150,Zamir White,70.0,22.0,70.0,5.0,17.0,1.0,4.0,0.0,0.0,0.0,70.0,5.0,3.0,10.0,17.0,17.0,0.0,0.0,70.0,70.0,-1.0,0.0,0.0,5.0,5.0,4.118000030517578
151,Trey Lance,67.0,13.0,252.0,126.0,16.0,0.0,7.0,1.0,0.0,0.0,67.0,33.5,0.0,0.0,17.0,49.0,0.0,0.0,261.0,67.0,-1.0,0.0,0.0,33.5,130.5,4.188000202178955
152,Brandon Bolden,66.0,12.0,66.0,4.125,17.0,0.0,3.0,0.0,0.0,0.0,66.0,4.125,0.0,0.0,17.0,17.0,0.375,1.0,123.0,123.0,-1.0,0.0,0.0,7.6875,7.6875,3.881999969482422
153,Laviska Shenault Jr.,100.0,41.0,65.0,5.0,9.0,1.0,1.0,0.0,0.0,1.0,65.0,5.0,0.0,0.0,17.0,9.0,0.9230769276618958,2.0,337.0,337.0,-1.0,0.0,0.0,25.923076629638672,25.923076629638672,7.2220001220703125
154,Darrynton Evans,64.0,21.0,64.0,10.666666984558105,14.0,1.0,3.0,0.0,0.0,0.0,64.0,10.666666984558105,0.0,0.0,8.0,14.0,0.0,0.0,97.0,97.0,-1.0,0.0,0.0,16.16666603088379,16.16666603088379,4.571000099182129
155,Desmond Ridder,34.0,18.0,739.0,184.75,16.0,0.0,4.0,2.0,1.0,0.0,64.0,16.0,0.0,0.0,17.0,140.0,0.0,2.0,772.0,64.0,-1.0,0.0,0.0,16.0,193.0,4.0
156,Salvon Ahmed,99.0,11.0,64.0,5.333333492279053,12.0,0.0,4.0,0.0,0.0,1.0,64.0,5.333333492279053,0.0,0.0,17.0,12.0,0.5,1.0,72.0,72.0,-1.0,0.0,0.0,6.0,6.0,5.333000183105469
157,Trace McSorley,31.0,14.0,446.0,74.33333587646484,15.0,0.0,3.0,1.0,1.0,0.0,61.0,10.166666984558105,1.0,1.0,14.0,101.0,0.0,0.0,473.0,61.0,-1.0,0.0,0.0,10.166666984558105,78.83333587646484,4.066999912261963
158,Keaontay Ingram,95.0,13.0,60.0,5.0,27.0,0.0,4.0,0.0,0.0,1.0,60.0,5.0,4.0,11.0,17.0,27.0,0.5,1.0,81.0,81.0,-1.0,0.0,0.0,6.75,6.75,2.2219998836517334
159,Chase Claypool,44.0,15.0,60.0,4.0,9.0,0.0,3.0,0.0,0.0,0.0,59.0,3.933333396911621,0.0,0.0,17.0,10.0,0.4000000059604645,2.0,511.0,510.0,-1.0,0.0,0.0,34.0,34.06666564941406,6.556000232696533
160,Jordan Wilkins,58.0,9.0,58.0,14.5,13.0,0.0,2.0,0.0,0.0,0.0,58.0,14.5,0.0,0.0,4.0,13.0,0.0,0.0,87.0,87.0,-1.0,0.0,0.0,21.75,21.75,4.461999893188477
161,Parris Campbell,58.0,28.0,58.0,3.411764621734619,5.0,2.0,2.0,0.0,0.0,0.0,58.0,3.411764621734619,0.0,0.0,17.0,5.0,1.058823585510254,3.0,681.0,681.0,-1.0,0.0,0.0,40.05882263183594,40.05882263183594,11.600000381469727
162,Rashid Shaheed,92.0,44.0,57.0,4.75,4.0,1.0,2.0,0.0,0.0,1.0,57.0,4.75,0.0,0.0,12.0,4.0,1.5,3.0,545.0,545.0,-1.0,0.0,0.0,45.41666793823242,45.41666793823242,14.25
163,Anthony Schwartz,77.0,31.0,57.0,5.181818008422852,4.0,1.0,2.0,0.0,0.0,1.0,57.0,5.181818008422852,0.0,0.0,17.0,4.0,0.5454545617103577,1.0,108.0,108.0,-1.0,0.0,0.0,9.818181991577148,9.818181991577148,14.25
164,Corey Clement,90.0,12.0,55.0,6.111111164093018,15.0,0.0,6.0,0.0,0.0,1.0,55.0,6.111111164093018,0.0,0.0,9.0,15.0,0.6666666865348816,1.0,109.0,109.0,-1.0,0.0,0.0,12.11111068725586,12.11111068725586,3.6670000553131104
165,Isaiah McKenzie,90.0,18.0,55.0,3.6666667461395264,9.0,0.0,3.0,0.0,0.0,1.0,55.0,3.6666667461395264,1.0,5.0,16.0,9.0,2.0,5.0,478.0,478.0,-1.0,0.0,1.0,31.866666793823242,31.866666793823242,6.111000061035156
166,C.J. Moore,40.0,42.0,55.0,5.0,2.0,1.0,2.0,0.0,0.0,0.0,55.0,5.0,0.0,0.0,11.0,2.0,0.0,0.0,55.0,55.0,-1.0,0.0,0.0,5.0,5.0,27.5
167,Andy Dalton,39.0,14.0,2736.0,195.42857360839844,30.0,0.0,6.0,3.0,0.0,0.0,54.0,3.857142925262451,0.0,0.0,17.0,433.0,0.0,18.0,2925.0,54.0,-1.0,0.0,0.0,3.857142925262451,208.92857360839844,1.7999999523162842
168,Chris Streveler,54.0,14.0,144.0,72.0,9.0,0.0,1.0,1.0,0.0,0.0,54.0,27.0,1.0,2.0,3.0,24.0,0.0,0.0,144.0,54.0,-1.0,0.0,0.0,27.0,72.0,6.0
169,Equanimeous St. Brown,54.0,41.0,54.0,3.375,6.0,1.0,2.0,0.0,0.0,0.0,54.0,3.375,1.0,1.0,17.0,6.0,0.375,1.0,377.0,377.0,-1.0,0.0,0.0,23.5625,23.5625,9.0
170,Trestan Ebner,39.0,11.0,54.0,3.1764705181121826,24.0,0.0,2.0,0.0,0.0,0.0,54.0,3.1764705181121826,7.0,17.0,17.0,24.0,0.0,0.0,62.0,62.0,-1.0,0.0,0.0,3.6470587253570557,3.6470587253570557,2.25
171,DJ Moore,53.0,11.0,53.0,3.117647171020508,10.0,0.0,3.0,0.0,0.0,0.0,53.0,3.117647171020508,1.0,3.0,17.0,10.0,2.470588207244873,7.0,941.0,941.0,-1.0,0.0,0.0,55.35293960571289,55.35293960571289,5.300000190734863
172,Ke'Shawn Vaughn,53.0,12.0,53.0,3.5333333015441895,17.0,0.0,3.0,0.0,0.0,0.0,53.0,3.5333333015441895,2.0,6.0,17.0,17.0,0.0,0.0,72.0,72.0,-1.0,0.0,0.0,4.800000190734863,4.800000190734863,3.118000030517578
173,Cooper Kupp,72.0,20.0,52.0,5.777777671813965,9.0,1.0,4.0,0.0,0.0,1.0,52.0,5.777777671813965,2.0,4.0,17.0,10.0,4.666666507720947,7.0,864.0,864.0,-1.0,0.0,0.0,96.0,96.0,5.7779998779296875
174,Kevin Harris,87.0,14.0,52.0,10.399999618530273,18.0,0.0,3.0,0.0,0.0,1.0,52.0,10.399999618530273,3.0,7.0,12.0,18.0,1.2000000476837158,1.0,52.0,52.0,-1.0,0.0,0.0,10.399999618530273,10.399999618530273,2.8889999389648438
175,Phillip Lindsay,49.0,15.0,49.0,16.33333396911621,15.0,0.0,1.0,0.0,0.0,0.0,49.0,16.33333396911621,1.0,2.0,3.0,15.0,0.0,0.0,68.0,68.0,-1.0,1.0,1.0,22.66666603088379,22.66666603088379,3.2669999599456787
176,CeeDee Lamb,47.0,14.0,47.0,2.7647058963775635,10.0,0.0,3.0,0.0,0.0,0.0,47.0,2.7647058963775635,2.0,5.0,17.0,10.0,3.1764705181121826,9.0,1406.0,1406.0,-1.0,0.0,0.0,82.70587921142578,82.70587921142578,4.699999809265137
177,Treylon Burks,47.0,20.0,47.0,4.2727274894714355,4.0,1.0,3.0,0.0,0.0,0.0,47.0,4.2727274894714355,0.0,0.0,17.0,4.0,1.0909091234207153,2.0,491.0,491.0,-1.0,0.0,0.0,44.6363639831543,44.6363639831543,11.75
178,Julio Jones,45.0,15.0,45.0,4.5,5.0,0.0,4.0,0.0,0.0,0.0,45.0,4.5,0.0,0.0,17.0,5.0,1.2000000476837158,2.0,344.0,344.0,-1.0,0.0,0.0,34.400001525878906,34.400001525878906,9.0
179,Joshua Dobbs,14.0,11.0,429.0,214.5,8.0,0.0,4.0,1.0,0.0,0.0,44.0,22.0,0.0,0.0,15.0,82.0,0.0,2.0,455.0,44.0,-1.0,0.0,0.0,22.0,227.5,5.5
180,Greg Dortch,29.0,20.0,44.0,2.75,7.0,1.0,3.0,0.0,0.0,0.0,44.0,2.75,0.0,0.0,17.0,7.0,0.75,2.0,511.0,511.0,-1.0,0.0,0.0,31.9375,31.9375,6.285999774932861
181,Spencer Brown,43.0,7.0,43.0,21.5,9.0,0.0,1.0,0.0,0.0,0.0,43.0,21.5,0.0,0.0,2.0,9.0,0.0,0.0,53.0,53.0,-1.0,0.0,0.0,26.5,26.5,4.7779998779296875
182,Snoop Conner,77.0,8.0,42.0,5.25,12.0,0.0,2.0,0.0,0.0,1.0,42.0,5.25,0.0,0.0,17.0,12.0,0.75,1.0,42.0,42.0,-1.0,0.0,0.0,5.25,5.25,3.5
183,Davis Webb,76.0,14.0,209.0,209.0,6.0,0.0,2.0,0.0,0.0,1.0,41.0,41.0,0.0,0.0,3.0,46.0,6.0,2.0,209.0,41.0,-1.0,0.0,0.0,41.0,209.0,6.833000183105469
184,Isaiah Spiller,41.0,11.0,41.0,6.833333492279053,18.0,0.0,2.0,0.0,0.0,0.0,41.0,6.833333492279053,4.0,9.0,17.0,18.0,0.0,0.0,54.0,54.0,-1.0,0.0,0.0,9.0,9.0,2.2780001163482666
185,Mack Hollins,40.0,17.0,44.0,2.588235378265381,4.0,0.0,2.0,0.0,0.0,0.0,40.0,2.3529412746429443,0.0,0.0,17.0,5.0,1.4117647409439087,4.0,734.0,730.0,-1.0,0.0,0.0,42.94117736816406,43.17647171020508,10.0
186,Jerry Jeudy,40.0,14.0,40.0,2.6666667461395264,4.0,0.0,4.0,0.0,0.0,0.0,40.0,2.6666667461395264,0.0,0.0,17.0,4.0,2.4000000953674316,6.0,1012.0,1012.0,-1.0,0.0,0.0,67.46666717529297,67.46666717529297,10.0
187,Jameson Williams,40.0,40.0,40.0,6.666666507720947,1.0,1.0,1.0,0.0,0.0,0.0,40.0,6.666666507720947,0.0,0.0,17.0,1.0,1.0,1.0,81.0,81.0,-1.0,0.0,0.0,13.5,13.5,40.0
188,Kendrick Bourne,39.0,29.0,39.0,2.4375,6.0,1.0,2.0,0.0,0.0,0.0,39.0,2.4375,2.0,8.0,17.0,6.0,0.375,1.0,473.0,473.0,-1.0,0.0,0.0,29.5625,29.5625,6.5
189,PJ Walker,39.0,20.0,724.0,120.66666412353516,6.0,1.0,3.0,0.0,0.0,0.0,39.0,6.5,0.0,0.0,17.0,119.0,0.0,3.0,770.0,39.0,-1.0,0.0,0.0,6.5,128.3333282470703,6.5
190,Gunner Olszewski,24.0,18.0,39.0,2.4375,8.0,0.0,3.0,0.0,0.0,0.0,39.0,2.4375,0.0,0.0,17.0,8.0,0.0,0.0,92.0,92.0,-1.0,0.0,0.0,5.75,5.75,4.875
191,Dwayne Washington,38.0,8.0,38.0,3.1666667461395264,11.0,0.0,2.0,0.0,0.0,0.0,38.0,3.1666667461395264,1.0,1.0,17.0,11.0,0.0,0.0,45.0,45.0,-1.0,0.0,0.0,3.75,3.75,3.4549999237060547
192,Mitch Trubisky,108.0,9.0,1222.0,174.57142639160156,19.0,0.0,7.0,0.0,0.0,2.0,38.0,5.4285712242126465,1.0,4.0,17.0,210.0,1.7142857313156128,6.0,1290.0,38.0,-1.0,0.0,0.0,5.4285712242126465,184.2857208251953,2.0
193,Dante Pettis,37.0,29.0,37.0,2.1764705181121826,2.0,1.0,2.0,0.0,0.0,0.0,37.0,2.1764705181121826,0.0,0.0,17.0,2.0,1.058823585510254,3.0,282.0,282.0,-1.0,0.0,0.0,16.58823585510254,16.58823585510254,18.5
194,Colt McCoy,36.0,9.0,719.0,179.75,14.0,0.0,5.0,2.0,0.0,0.0,36.0,9.0,1.0,1.0,17.0,159.0,0.0,1.0,816.0,36.0,-1.0,0.0,0.0,9.0,204.0,2.571000099182129
195,Kalif Raymond,21.0,12.0,36.0,2.117647171020508,7.0,0.0,4.0,0.0,0.0,0.0,36.0,2.117647171020508,1.0,6.0,17.0,7.0,0.0,0.0,652.0,652.0,-1.0,0.0,0.0,38.35293960571289,38.35293960571289,5.14300012588501
196,Sam Howell,70.0,10.0,193.0,193.0,5.0,0.0,4.0,0.0,0.0,1.0,35.0,35.0,0.0,0.0,17.0,27.0,6.0,2.0,204.0,35.0,-1.0,0.0,0.0,35.0,204.0,7.0
197,Tutu Atwell,69.0,11.0,34.0,2.615384578704834,9.0,0.0,2.0,0.0,0.0,1.0,34.0,2.615384578704834,2.0,10.0,17.0,9.0,0.9230769276618958,2.0,332.0,332.0,-1.0,0.0,0.0,25.538461685180664,25.538461685180664,3.7780001163482666
198,Jimmy Garoppolo,73.0,6.0,2370.0,215.4545440673828,23.0,0.0,11.0,2.0,1.0,2.0,33.0,3.0,0.0,0.0,17.0,349.0,1.0909091234207153,18.0,2470.0,33.0,-1.0,0.0,0.0,3.0,224.5454559326172,1.434999942779541
199,Nyheim Hines,68.0,9.0,33.0,2.0625,24.0,0.0,2.0,0.0,0.0,1.0,33.0,2.0625,5.0,16.0,17.0,24.0,0.75,2.0,274.0,274.0,-1.0,0.0,0.0,17.125,17.125,1.375
