,PlayerName,Position,assistTackles,avgInterceptionYards,avgSackYards,avgStuffYards,blockedFieldGoalTouchdowns,blockedPuntTouchdowns,hurries,kicksBlocked,longInterception,miscTouchdowns,passesBattedDown,passesDefended,QBHits,twoPtReturns,sacks,sackYards,safeties,soloTackles,stuffs,stuffYards,tacklesForLoss,tacklesYardsLost,teamGamesPlayed,totalTackles,yardsAllowed,pointsAllowed
0,Nick Bosa,DE,0.0,7.432000160217285,2.6670000553131104,0.0,0.0,0.0,0.0,0.0,0.0,0.0,1.0,48.0,0.0,18.5,137.5,0.0,41.0,5.0,8.0,19.0,129.0,17.0,51.0,0.0,0.0,0.0
1,Haason Reddick,LB,0.0,8.281000137329102,1.6670000553131104,0.0,0.0,0.0,0.0,0.0,0.0,0.0,3.0,26.0,0.0,16.0,132.5,0.0,35.0,4.0,5.0,11.0,64.0,17.0,49.0,0.0,0.0,0.0
2,Myles Garrett,DE,0.0,5.688000202178955,3.0,0.0,0.0,0.0,0.0,0.0,0.0,0.0,4.0,26.0,0.0,16.0,91.0,0.0,37.0,8.5,12.0,18.0,85.0,17.0,60.0,0.0,0.0,0.0
3,Chris Jones,DT,0.0,6.806000232696533,2.4000000953674316,0.0,0.0,0.0,0.0,0.0,0.0,0.0,4.0,29.0,0.0,15.5,105.5,0.0,30.0,5.5,12.0,17.0,94.0,17.0,44.0,0.0,0.0,0.0
4,Matthew Judon,LB,0.0,6.61299991607666,1.3329999446868896,0.0,0.0,0.0,0.0,0.0,0.0,0.0,3.0,28.0,0.0,15.5,102.5,0.0,36.0,7.0,4.0,14.0,99.0,17.0,60.0,0.0,0.0,0.0
5,Alex Highsmith,LB,0.0,8.137999534606934,5.25,0.0,0.0,0.0,0.0,0.0,0.0,0.0,1.0,20.0,0.0,14.5,118.0,0.0,38.0,6.5,21.0,12.0,91.0,17.0,63.0,0.0,0.0,0.0
6,Micah Parsons,LB,0.0,6.556000232696533,1.75,0.0,0.0,0.0,0.0,0.0,0.0,0.0,3.0,26.0,0.0,13.5,88.5,0.0,42.0,4.0,7.0,13.0,66.0,17.0,65.0,0.0,0.0,0.0
7,J.J. Watt,DE,0.0,7.519999980926514,2.0,0.0,0.0,0.0,0.0,0.0,0.0,0.0,7.0,25.0,0.0,12.5,94.0,0.0,30.0,11.5,14.0,18.0,96.0,17.0,39.0,0.0,0.0,0.0
8,Maxx Crosby,DE,0.0,8.15999984741211,2.25,0.0,0.0,0.0,1.0,0.0,0.0,0.0,4.0,35.0,0.0,12.5,102.0,0.0,58.0,20.0,27.0,22.0,104.0,17.0,89.0,0.0,0.0,0.0
9,Brian Burns,DE,0.0,6.639999866485596,3.1670000553131104,0.0,0.0,0.0,0.0,0.0,0.0,0.0,3.0,22.0,0.0,12.5,83.0,0.0,34.0,12.5,19.0,17.0,98.0,17.0,63.0,0.0,0.0,0.0
10,Quinnen Williams,DT,0.0,8.208000183105469,3.3329999446868896,0.0,0.0,0.0,1.0,0.0,0.0,0.0,4.0,28.0,0.0,12.0,98.5,0.0,35.0,5.5,10.0,12.0,83.0,17.0,55.0,0.0,0.0,0.0
11,Daron Payne,DT,0.0,7.086999893188477,2.0,0.0,0.0,0.0,0.0,0.0,0.0,0.0,5.0,20.0,0.0,11.5,81.5,1.0,32.0,8.0,14.0,18.0,85.0,17.0,64.0,0.0,0.0,0.0
12,Josh Uche,LB,0.0,4.303999900817871,0.0,0.0,0.0,0.0,0.0,0.0,0.0,0.0,0.0,14.0,0.0,11.5,49.5,0.0,23.0,0.0,0.0,9.0,47.0,17.0,27.0,0.0,0.0,0.0
13,Brandon Graham,DE,0.0,5.817999839782715,2.25,0.0,0.0,0.0,0.0,0.0,0.0,0.0,1.0,16.0,0.0,11.0,64.0,0.0,19.0,6.5,9.0,11.0,45.0,17.0,35.0,0.0,0.0,0.0
14,Javon Hargrave,DT,0.0,6.817999839782715,0.0,0.0,0.0,0.0,0.0,0.0,0.0,0.0,2.0,16.0,0.0,11.0,75.0,0.0,37.0,4.5,0.0,10.0,75.0,17.0,60.0,0.0,0.0,0.0
15,Josh Sweat,DE,42.0,7.636000156402588,1.7139999866485596,0.0,0.0,0.0,0.0,1.0,0.0,0.0,1.0,23.0,0.0,11.0,84.0,0.0,31.0,9.0,12.0,15.0,65.0,17.0,48.0,0.0,0.0,0.0
16,Cameron Heyward,DT,0.0,6.90500020980835,2.1670000553131104,0.0,0.0,0.0,0.0,0.0,0.0,0.0,4.0,22.0,0.0,10.5,72.5,0.0,39.0,11.5,13.0,14.0,58.0,17.0,74.0,0.0,0.0,0.0
17,Danielle Hunter,LB,0.0,6.0,2.0,0.0,0.0,0.0,0.0,0.0,0.0,0.0,3.0,22.0,0.0,10.5,63.0,0.0,46.0,4.5,8.0,12.0,59.0,17.0,65.0,0.0,0.0,0.0
18,Za'Darius Smith,LB,0.0,7.050000190734863,4.0,0.0,0.0,0.0,0.0,0.0,0.0,0.0,5.0,24.0,0.0,10.0,70.5,0.0,32.0,6.5,16.0,15.0,87.0,17.0,44.0,0.0,0.0,0.0
19,Justin Houston,LB,5.0,6.631999969482422,0.0,0.0,0.0,0.0,0.0,1.0,0.0,0.0,1.0,17.0,0.0,9.5,63.0,0.0,14.0,2.0,0.0,7.0,41.0,17.0,21.0,0.0,0.0,0.0
20,Yannick Ngakoue,DE,0.0,6.578999996185303,2.0,0.0,0.0,0.0,0.0,0.0,0.0,0.0,0.0,16.0,0.0,9.5,62.5,0.0,18.0,4.5,4.0,8.0,45.0,17.0,29.0,0.0,0.0,0.0
21,Uchenna Nwosu,LB,0.0,6.578999996185303,4.400000095367432,0.0,0.0,0.0,0.0,0.0,0.0,0.0,4.0,26.0,0.0,9.5,62.5,0.0,42.0,12.5,22.0,12.0,56.0,17.0,66.0,0.0,0.0,0.0
22,Darrell Taylor,LB,0.0,7.736999988555908,3.6670000553131104,0.0,0.0,0.0,0.0,0.0,0.0,0.0,1.0,13.0,0.0,9.5,73.5,0.0,22.0,2.0,11.0,8.0,38.0,17.0,26.0,0.0,0.0,0.0
23,Aidan Hutchinson,DE,8.333000183105469,6.263000011444092,1.5,0.0,0.0,0.0,0.0,1.0,0.0,0.0,3.0,15.0,0.0,9.5,59.5,0.0,34.0,6.5,3.0,9.0,54.0,17.0,52.0,0.0,0.0,0.0
24,Jerry Hughes,DE,14.0,6.7779998779296875,3.0,0.0,0.0,0.0,0.0,1.0,0.0,0.0,1.0,10.0,0.0,9.0,61.0,0.0,21.0,7.0,6.0,10.0,60.0,17.0,35.0,0.0,0.0,0.0
25,Leonard Floyd,LB,0.0,7.111000061035156,1.0,0.0,0.0,0.0,0.0,0.0,0.0,0.0,0.0,22.0,0.0,9.0,64.0,0.0,31.0,4.0,1.0,10.0,64.0,17.0,59.0,0.0,0.0,0.0
26,Cameron Jordan,DE,0.0,7.940999984741211,2.8889999389648438,0.0,0.0,0.0,0.0,0.0,0.0,0.0,2.0,13.0,0.0,8.5,67.5,0.0,40.0,12.5,26.0,13.0,44.0,17.0,66.0,0.0,0.0,0.0
27,Preston Smith,LB,0.0,7.5289998054504395,2.6670000553131104,0.0,0.0,0.0,0.0,0.0,0.0,0.0,1.0,20.0,0.0,8.5,64.0,0.0,38.0,9.0,8.0,9.0,49.0,17.0,59.0,0.0,0.0,0.0
28,Dorance Armstrong,DE,0.0,0.0,0.0,0.0,0.0,0.0,0.0,0.0,0.0,0.0,0.0,0.0,0.0,1.0,0.0,0.0,0.0,0.0,0.0,0.0,0.0,0.0,0.0,0.0,0.0,17.0
29,Von Miller,LB,0.0,6.75,2.3329999446868896,0.0,0.0,0.0,0.0,0.0,0.0,0.0,2.0,12.0,0.0,8.0,54.0,0.0,18.0,3.5,7.0,10.0,51.0,16.0,21.0,0.0,0.0,0.0
30,Khalil Mack,LB,0.0,7.25,1.399999976158142,0.0,0.0,0.0,0.0,0.0,0.0,0.0,2.0,12.0,0.0,8.0,58.0,0.0,33.0,9.0,7.0,12.0,45.0,17.0,50.0,0.0,0.0,0.0
31,Denico Autry,DE,0.0,7.0,3.0,0.0,0.0,0.0,1.0,0.0,0.0,0.0,4.0,19.0,0.0,8.0,56.0,0.0,17.0,2.0,3.0,8.0,39.0,17.0,27.0,0.0,0.0,0.0
32,DeForest Buckner,DT,0.0,6.063000202178955,2.0,0.0,0.0,0.0,0.0,0.0,0.0,0.0,3.0,22.0,0.0,8.0,48.5,0.0,44.0,12.0,12.0,11.0,43.0,17.0,74.0,0.0,0.0,0.0
33,Trey Hendrickson,DE,0.0,5.938000202178955,3.0,0.0,0.0,0.0,0.0,0.0,0.0,0.0,3.0,24.0,0.0,8.0,47.5,0.0,22.0,4.5,6.0,6.0,26.0,16.0,32.0,0.0,0.0,0.0
34,Bradley Chubb,LB,0.0,8.062999725341797,0.0,0.0,0.0,0.0,0.0,0.0,0.0,0.0,1.0,20.0,0.0,8.0,64.5,0.0,20.0,2.5,0.0,5.0,47.0,17.0,39.0,0.0,0.0,0.0
35,Montez Sweat,DE,0.0,7.375,2.0,0.0,0.0,0.0,0.0,0.0,0.0,0.0,2.0,28.0,0.0,8.0,59.0,0.0,27.0,8.0,12.0,14.0,68.0,17.0,46.0,0.0,0.0,0.0
36,James Houston,LB,0.0,7.25,0.0,0.0,0.0,0.0,0.0,0.0,0.0,0.0,0.0,11.0,0.0,8.0,58.0,0.0,11.0,0.0,0.0,7.0,58.0,7.0,12.0,0.0,0.0,0.0
37,Greg Rousseau,DE,0.0,7.563000202178955,3.0,0.0,0.0,0.0,0.0,0.0,0.0,0.0,4.0,14.0,0.0,8.0,60.5,0.0,27.0,5.5,15.0,10.0,53.0,16.0,37.0,0.0,0.0,0.0
38,Deatrich Wise Jr.,DE,0.0,6.199999809265137,4.0,0.0,0.0,0.0,0.0,0.0,0.0,0.0,3.0,11.0,0.0,7.5,46.5,0.0,33.0,3.5,8.0,7.0,36.0,17.0,59.0,0.0,0.0,0.0
39,Jonathan Allen,DT,1.0,7.132999897003174,2.75,0.0,0.0,0.0,0.0,1.0,0.0,0.0,3.0,17.0,0.0,7.5,53.5,0.0,44.0,17.0,33.0,16.0,63.0,17.0,65.0,0.0,0.0,0.0
40,Jeffery Simmons,DT,0.0,8.666999816894531,4.0,0.0,0.0,0.0,0.0,0.0,0.0,0.0,7.0,14.0,0.0,7.5,65.0,0.0,25.0,9.0,16.0,9.0,63.0,17.0,54.0,0.0,0.0,0.0
41,Dexter Lawrence,DT,0.0,6.599999904632568,1.0,0.0,0.0,0.0,0.0,0.0,0.0,0.0,3.0,28.0,0.0,7.5,49.5,0.0,35.0,3.5,2.0,7.0,38.0,17.0,68.0,0.0,0.0,0.0
42,Fletcher Cox,DT,0.0,7.214000225067139,1.0,0.0,0.0,0.0,0.0,0.0,0.0,0.0,0.0,14.0,0.0,7.0,50.5,0.0,23.0,3.0,2.0,7.0,32.0,17.0,43.0,0.0,0.0,0.0
43,DeMarcus Walker,DE,0.0,6.714000225067139,2.25,0.0,0.0,0.0,0.0,0.0,0.0,0.0,0.0,16.0,0.0,7.0,47.0,0.0,23.0,6.5,9.0,10.0,50.0,17.0,32.0,0.0,0.0,0.0
44,Carl Lawson,DE,0.0,6.14300012588501,1.0,0.0,0.0,0.0,0.0,0.0,0.0,0.0,0.0,24.0,0.0,7.0,43.0,0.0,18.0,4.5,3.0,9.0,48.0,17.0,33.0,0.0,0.0,0.0
45,Kaden Elliss,LB,0.0,5.928999900817871,2.5,0.0,0.0,0.0,0.0,0.0,0.0,0.0,2.0,10.0,0.0,7.0,41.5,0.0,43.0,9.0,5.0,7.0,43.0,17.0,78.0,0.0,0.0,0.0
46,Frankie Luvu,LB,33.0,6.571000099182129,2.615000009536743,0.0,0.0,0.0,0.0,1.0,0.0,0.0,4.0,9.0,0.0,7.0,46.0,0.0,76.0,17.0,34.0,19.0,78.0,17.0,111.0,0.0,0.0,0.0
47,Josh Allen,LB,0.0,6.428999900817871,3.1429998874664307,0.0,0.0,0.0,0.0,0.0,0.0,0.0,2.0,22.0,0.0,7.0,45.0,0.0,35.0,9.5,22.0,11.0,46.0,17.0,57.0,0.0,0.0,0.0
48,Jaelan Phillips,LB,0.0,5.428999900817871,1.5,0.0,0.0,0.0,1.0,0.0,0.0,0.0,2.0,25.0,0.0,7.0,38.0,0.0,37.0,5.5,6.0,8.0,31.0,17.0,61.0,0.0,0.0,0.0
49,Demario Davis,LB,4.0,6.385000228881836,2.200000047683716,0.0,0.0,0.0,0.0,1.0,0.0,0.0,6.0,8.0,0.0,6.5,41.5,0.0,54.0,10.0,11.0,10.0,45.0,17.0,109.0,0.0,0.0,0.0
50,Morgan Fox,DE,0.0,7.461999893188477,1.0,0.0,0.0,0.0,0.0,0.0,0.0,0.0,0.0,11.0,0.0,6.5,48.5,0.0,24.0,4.0,2.0,8.0,47.0,17.0,38.0,0.0,0.0,0.0
51,Sam Hubbard,DE,0.0,6.077000141143799,2.0,0.0,0.0,0.0,0.0,0.0,0.0,0.0,3.0,22.0,0.0,6.5,39.5,0.0,34.0,11.0,14.0,11.0,44.0,16.0,60.0,0.0,0.0,0.0
52,Vita Vea,DT,0.0,7.0,1.0,0.0,0.0,0.0,0.0,0.0,0.0,0.0,0.0,13.0,0.0,6.5,45.5,0.0,15.0,3.5,1.0,7.0,44.0,17.0,31.0,0.0,0.0,0.0
53,Dre'Mont Jones,DE,0.0,7.230999946594238,2.0,0.0,0.0,0.0,0.0,0.0,0.0,0.0,0.0,10.0,0.0,6.5,47.0,0.0,24.0,8.0,8.0,9.0,39.0,17.0,47.0,0.0,0.0,0.0
54,AJ Epenesa,DE,0.0,8.692000389099121,3.5,0.0,0.0,0.0,0.0,0.0,0.0,0.0,5.0,10.0,0.0,6.5,56.5,0.0,13.0,2.0,7.0,7.0,49.0,16.0,16.0,0.0,0.0,0.0
55,Melvin Ingram,LB,0.0,8.083000183105469,2.3329999446868896,0.0,0.0,0.0,0.0,0.0,0.0,0.0,1.0,9.0,0.0,6.0,48.5,0.0,15.0,4.5,7.0,7.0,21.0,17.0,22.0,0.0,0.0,0.0
56,Bobby Wagner,LB,6.5,5.333000183105469,1.25,0.0,0.0,0.0,1.0,1.0,0.0,0.0,5.0,10.0,0.0,6.0,32.0,0.0,81.0,16.5,5.0,10.0,36.0,17.0,140.0,0.0,0.0,0.0
57,DeMarcus Lawrence,DE,0.0,5.833000183105469,1.75,0.0,0.0,0.0,0.0,0.0,0.0,0.0,3.0,13.0,0.0,6.0,35.0,0.0,43.0,11.0,7.0,9.0,32.0,17.0,65.0,0.0,0.0,0.0
58,Grady Jarrett,DE,0.0,8.333000183105469,2.571000099182129,0.0,0.0,0.0,0.0,0.0,0.0,0.0,3.0,17.0,0.0,6.0,50.0,0.0,30.0,7.5,18.0,12.0,57.0,17.0,61.0,0.0,0.0,0.0
59,Dante Fowler Jr.,DE,0.0,8.166999816894531,3.6670000553131104,0.0,0.0,0.0,0.0,0.0,0.0,0.0,2.0,9.0,0.0,6.0,49.0,0.0,22.0,2.0,11.0,7.0,50.0,17.0,27.0,0.0,0.0,0.0
60,Rashan Gary,LB,0.0,7.5,4.0,0.0,0.0,0.0,0.0,0.0,0.0,0.0,1.0,12.0,0.0,6.0,45.0,0.0,21.0,6.0,8.0,7.0,41.0,17.0,32.0,0.0,0.0,0.0
61,Kwity Paye,DE,0.0,5.833000183105469,1.0,0.0,0.0,0.0,0.0,0.0,0.0,0.0,0.0,10.0,0.0,6.0,35.0,0.0,32.0,7.0,4.0,10.0,39.0,17.0,45.0,0.0,0.0,0.0
62,George Karlaftis,DE,0.0,6.666999816894531,2.0,0.0,0.0,0.0,0.0,0.0,0.0,0.0,7.0,11.0,0.0,6.0,40.0,0.0,18.0,4.0,6.0,8.0,38.0,17.0,33.0,0.0,0.0,0.0
63,Calais Campbell,DT,0.0,8.817999839782715,4.0,0.0,0.0,0.0,1.0,0.0,0.0,0.0,2.0,14.0,0.0,5.5,48.5,0.0,18.0,3.5,4.0,4.0,25.0,17.0,36.0,0.0,0.0,0.0
64,Quinton Jefferson,DT,0.0,8.454999923706055,1.0,0.0,0.0,0.0,0.0,0.0,0.0,0.0,2.0,13.0,0.0,5.5,46.5,0.0,17.0,1.5,1.0,6.0,43.0,17.0,29.0,0.0,0.0,0.0
65,T.J. Watt,LB,0.0,6.817999839782715,2.75,0.0,0.0,0.0,0.0,1.0,0.0,0.0,5.0,12.0,0.0,5.5,37.5,0.0,27.0,7.0,11.0,8.0,34.0,17.0,39.0,0.0,0.0,0.0
66,Anthony Nelson,LB,0.0,8.36400032043457,1.0,0.0,0.0,0.0,0.0,0.0,0.0,0.0,0.0,6.0,0.0,5.5,46.0,0.0,26.0,3.5,1.0,4.0,20.0,17.0,46.0,0.0,0.0,0.0
67,Zach Allen,DE,0.0,7.363999843597412,2.4000000953674316,0.0,0.0,0.0,0.0,0.0,0.0,0.0,8.0,20.0,0.0,5.5,40.5,0.0,23.0,11.0,12.0,10.0,46.0,17.0,47.0,0.0,0.0,0.0
68,Carl Granderson,DE,0.0,6.091000080108643,3.6670000553131104,0.0,0.0,0.0,0.0,0.0,0.0,0.0,0.0,9.0,0.0,5.5,33.5,0.0,30.0,9.5,22.0,9.0,33.0,17.0,53.0,0.0,0.0,0.0
69,Justin Madubuike,DT,0.0,3.7269999980926514,2.5,0.0,0.0,0.0,0.0,0.0,0.0,0.0,3.0,9.0,0.0,5.5,20.5,0.0,26.0,8.0,10.0,8.0,28.0,17.0,42.0,0.0,0.0,0.0
70,Devin White,LB,0.0,7.182000160217285,2.0,0.0,0.0,0.0,0.0,0.0,0.0,0.0,5.0,16.0,0.0,5.5,39.5,0.0,73.0,9.0,8.0,8.0,36.0,17.0,124.0,0.0,0.0,0.0
71,Rashad Weaver,LB,0.0,4.908999919891357,3.0,0.0,0.0,0.0,0.0,0.0,0.0,0.0,6.0,15.0,0.0,5.5,27.0,0.0,18.0,5.0,12.0,7.0,26.0,17.0,27.0,0.0,0.0,0.0
72,Azeez Ojulari,LB,0.0,5.7270002365112305,0.0,0.0,0.0,0.0,0.0,0.0,0.0,0.0,1.0,7.0,0.0,5.5,31.5,0.0,9.0,0.5,0.0,3.0,25.0,17.0,14.0,0.0,0.0,0.0
73,Aaron Donald,DT,0.0,8.399999618530273,1.6670000553131104,0.0,0.0,0.0,0.0,0.0,0.0,0.0,2.0,11.0,0.0,5.0,42.0,0.0,27.0,11.5,10.0,10.0,42.0,17.0,49.0,0.0,0.0,0.0
74,Kyle Van Noy,LB,0.0,5.599999904632568,3.75,0.0,0.0,0.0,0.0,0.0,0.0,0.0,3.0,9.0,0.0,5.0,28.0,0.0,30.0,3.5,15.0,8.0,38.0,17.0,46.0,0.0,0.0,0.0
75,Frank Clark,DE,0.0,6.400000095367432,2.75,0.0,0.0,0.0,0.0,0.0,0.0,0.0,1.0,13.0,0.0,5.0,32.0,1.0,25.0,7.5,11.0,8.0,35.0,17.0,39.0,0.0,0.0,0.0
76,Dawuane Smoot,DE,0.0,6.900000095367432,2.3329999446868896,0.0,0.0,0.0,0.0,0.0,0.0,0.0,2.0,12.0,0.0,5.0,34.5,0.0,14.0,3.5,7.0,6.0,21.0,17.0,21.0,0.0,0.0,0.0
77,Samson Ebukam,LB,0.0,8.0,1.0,0.0,0.0,0.0,0.0,0.0,0.0,0.0,1.0,13.0,0.0,5.0,40.0,0.0,21.0,4.5,3.0,7.0,30.0,17.0,36.0,0.0,0.0,0.0
78,Ogbonnia Okoronkwo,DE,0.0,5.400000095367432,1.7999999523162842,0.0,0.0,0.0,0.0,0.0,0.0,0.0,2.0,11.0,0.0,5.0,27.0,0.0,32.0,6.0,9.0,9.0,27.0,17.0,44.0,0.0,0.0,0.0
79,Marquis Haynes Sr.,DE,0.0,8.199999809265137,2.0,0.0,0.0,0.0,0.0,0.0,0.0,0.0,4.0,13.0,0.0,5.0,41.0,0.0,20.0,0.0,4.0,7.0,45.0,17.0,29.0,0.0,0.0,0.0
80,John Franklin-Myers,DE,0.0,7.800000190734863,2.0,0.0,0.0,0.0,0.0,0.0,0.0,0.0,1.0,19.0,0.0,5.0,39.0,0.0,16.0,2.0,2.0,4.0,26.0,17.0,38.0,0.0,0.0,0.0
81,Donovan Wilson,S,0.0,7.0,1.6670000553131104,0.0,0.0,0.0,0.0,1.0,0.0,0.0,2.0,9.0,0.0,5.0,35.0,0.0,77.0,8.0,5.0,7.0,40.0,17.0,101.0,0.0,0.0,0.0
82,Drue Tranquill,LB,20.0,5.400000095367432,1.5,0.0,0.0,0.0,0.0,1.0,0.0,0.0,4.0,8.0,0.0,5.0,27.0,0.0,95.0,12.5,9.0,10.0,34.0,17.0,146.0,0.0,0.0,0.0
83,Mike Danna,DE,0.0,6.800000190734863,0.0,0.0,0.0,0.0,0.0,0.0,0.0,0.0,0.0,10.0,0.0,5.0,34.0,0.0,9.0,1.5,0.0,3.0,26.0,17.0,27.0,0.0,0.0,0.0
84,David Onyemata,DT,0.0,5.300000190734863,3.0,0.0,0.0,0.0,0.0,0.0,0.0,0.0,1.0,11.0,0.0,5.0,26.5,0.0,25.0,4.5,3.0,5.0,24.0,17.0,43.0,0.0,0.0,0.0
85,Baron Browning,LB,0.0,0.0,0.0,0.0,0.0,0.0,0.0,0.0,0.0,0.0,0.0,0.0,0.0,1.0,0.0,0.0,0.0,0.0,0.0,0.0,0.0,0.0,0.0,0.0,0.0,17.0
86,Patrick Queen,LB,5.5,4.900000095367432,2.7139999866485596,0.0,0.0,0.0,0.0,1.0,0.0,0.0,6.0,14.0,0.0,5.0,24.5,0.0,79.0,9.5,19.0,9.0,31.0,17.0,117.0,0.0,0.0,0.0
87,Dayo Odeyingbo,DE,0.0,7.300000190734863,5.0,0.0,0.0,0.0,0.0,0.0,0.0,0.0,0.0,11.0,0.0,5.0,36.5,0.0,18.0,4.5,15.0,5.0,41.0,17.0,31.0,0.0,0.0,0.0
88,Chandler Jones,DE,0.0,3.6670000553131104,1.0,0.0,0.0,0.0,0.0,0.0,0.0,0.0,3.0,15.0,0.0,4.5,16.5,0.0,21.0,4.0,1.0,3.0,10.0,17.0,38.0,0.0,0.0,0.0
89,DeShawn Williams,DT,0.0,2.0,1.0,0.0,0.0,0.0,0.0,0.0,0.0,0.0,3.0,8.0,0.0,4.5,9.0,0.0,21.0,4.0,1.0,4.0,9.0,17.0,37.0,0.0,0.0,0.0
90,Elandon Roberts,LB,0.0,9.555999755859375,2.6670000553131104,0.0,0.0,0.0,0.0,0.0,0.0,0.0,0.0,6.0,0.0,4.5,43.0,0.0,68.0,9.0,16.0,10.0,55.0,17.0,107.0,0.0,0.0,0.0
91,Arden Key,LB,0.0,6.7779998779296875,2.0,0.0,0.0,0.0,0.0,0.0,0.0,0.0,2.0,15.0,0.0,4.5,30.5,0.0,16.0,1.5,2.0,5.0,29.0,17.0,27.0,0.0,0.0,0.0
92,Roquan Smith,LB,13.666999816894531,5.0,1.8569999933242798,0.0,0.0,0.0,0.0,1.0,0.0,0.0,6.0,4.0,0.0,4.5,22.5,0.0,103.0,18.5,13.0,11.0,29.0,17.0,169.0,0.0,0.0,0.0
93,Charles Omenihu,DE,0.0,8.0,0.0,0.0,0.0,0.0,0.0,0.0,0.0,0.0,1.0,16.0,0.0,4.5,36.0,0.0,7.0,1.0,0.0,3.0,25.0,17.0,20.0,0.0,0.0,0.0
94,Michael Hoecht,DT,0.0,5.2220001220703125,2.0,0.0,0.0,0.0,0.0,0.0,0.0,0.0,0.0,9.0,0.0,4.5,23.5,0.0,23.0,2.5,2.0,4.0,22.0,17.0,36.0,0.0,0.0,0.0
95,Carlos Dunlap,DE,0.0,7.25,1.5,0.0,0.0,0.0,0.0,0.0,0.0,0.0,8.0,12.0,0.0,4.0,29.0,0.0,25.0,7.5,6.0,6.0,23.0,17.0,39.0,0.0,0.0,0.0
96,Bud Dupree,LB,0.0,6.0,2.6670000553131104,0.0,0.0,0.0,0.0,0.0,0.0,0.0,0.0,9.0,0.0,4.0,24.0,0.0,14.0,5.0,8.0,6.0,29.0,16.0,18.0,0.0,0.0,0.0
97,Kenny Clark,DT,0.0,6.0,1.5,0.0,0.0,0.0,0.0,0.0,0.0,0.0,0.0,10.0,0.0,4.0,24.0,0.0,27.0,5.5,3.0,5.0,17.0,17.0,53.0,0.0,0.0,0.0
98,Greg Gaines,DT,0.0,7.25,1.5,0.0,0.0,0.0,0.0,0.0,0.0,0.0,0.0,6.0,0.0,4.0,29.0,0.0,16.0,7.5,3.0,6.0,31.0,17.0,36.0,0.0,0.0,0.0
99,Lorenzo Carter,LB,28.0,6.5,4.0,0.0,1.0,0.0,0.0,1.0,1.0,0.0,2.0,12.0,0.0,4.0,26.0,0.0,29.0,4.0,12.0,6.0,28.0,17.0,58.0,0.0,0.0,0.0
100,Derwin James Jr.,S,0.0,8.25,5.0,0.0,0.0,0.0,0.0,1.0,0.0,0.0,6.0,5.0,0.0,4.0,33.0,0.0,64.0,3.5,5.0,5.0,34.0,17.0,115.0,0.0,0.0,0.0
101,Efe Obada,DE,0.0,7.5,0.0,0.0,0.0,0.0,1.0,0.0,0.0,0.0,2.0,8.0,0.0,4.0,30.0,0.0,14.0,0.5,0.0,4.0,30.0,17.0,24.0,0.0,0.0,0.0
102,Jerome Baker,LB,0.0,4.875,2.5,0.0,0.0,0.0,0.0,0.0,0.0,0.0,4.0,7.0,0.0,4.0,19.5,0.0,66.0,5.5,10.0,6.0,15.0,17.0,100.0,0.0,0.0,0.0
103,Antoine Winfield Jr.,S,15.0,7.25,3.0,0.0,0.0,0.0,0.0,1.0,0.0,0.0,3.0,6.0,0.0,4.0,29.0,0.0,64.0,5.0,15.0,7.0,35.0,17.0,80.0,0.0,0.0,0.0
104,Isaiah Simmons,LB,30.5,10.75,3.0,0.0,0.0,0.0,0.0,1.0,0.0,0.0,7.0,4.0,0.0,4.0,43.0,0.0,68.0,4.5,6.0,5.0,41.0,17.0,99.0,0.0,0.0,0.0
105,Osa Odighizuwa,DT,0.0,6.75,3.0,0.0,0.0,0.0,0.0,0.0,0.0,0.0,0.0,11.0,0.0,4.0,27.0,0.0,27.0,8.0,15.0,8.0,29.0,17.0,43.0,0.0,0.0,0.0
106,Patrick Jones II,LB,0.0,5.0,1.5,0.0,0.0,0.0,0.0,0.0,0.0,0.0,0.0,5.0,0.0,4.0,20.0,0.0,16.0,3.5,6.0,8.0,25.0,17.0,27.0,0.0,0.0,0.0
107,D.J. Wonnum,LB,0.0,7.0,2.5,0.0,0.0,0.0,0.0,0.0,0.0,0.0,0.0,10.0,0.0,4.0,28.0,0.0,27.0,5.0,5.0,5.0,21.0,17.0,38.0,0.0,0.0,0.0
108,Grover Stewart,DT,0.0,2.75,2.571000099182129,0.0,0.0,0.0,2.0,0.0,0.0,0.0,3.0,7.0,0.0,4.0,11.0,0.0,44.0,14.0,18.0,9.0,29.0,17.0,70.0,0.0,0.0,0.0
109,Milton Williams,DT,0.0,4.75,2.200000047683716,0.0,0.0,0.0,0.0,0.0,0.0,0.0,2.0,6.0,0.0,4.0,19.0,0.0,19.0,6.0,11.0,9.0,29.0,17.0,36.0,0.0,0.0,0.0
110,Joe Tryon-Shoyinka,LB,0.0,7.625,2.6670000553131104,0.0,0.0,0.0,0.0,0.0,0.0,0.0,2.0,14.0,0.0,4.0,30.5,0.0,23.0,4.0,8.0,6.0,32.0,17.0,40.0,0.0,0.0,0.0
111,John Cominsky,DE,0.0,7.25,3.0,0.0,0.0,0.0,1.0,0.0,0.0,0.0,3.0,12.0,0.0,4.0,29.0,0.0,18.0,4.0,3.0,5.0,32.0,17.0,30.0,0.0,0.0,0.0
112,Kayvon Thibodeaux,LB,0.0,8.5,2.25,0.0,0.0,0.0,0.0,0.0,0.0,0.0,5.0,13.0,0.0,4.0,34.0,0.0,33.0,4.0,9.0,6.0,25.0,17.0,49.0,0.0,0.0,0.0
113,Sam Williams,DE,0.0,6.5,2.1429998874664307,0.0,0.0,0.0,0.0,0.0,0.0,0.0,1.0,9.0,0.0,4.0,26.0,0.0,15.0,10.0,15.0,10.0,32.0,17.0,22.0,0.0,0.0,0.0
114,Jaquan Brisker,S,6.0,6.75,1.5,0.0,0.0,0.0,0.0,1.0,0.0,0.0,2.0,4.0,0.0,4.0,27.0,0.0,73.0,6.5,3.0,5.0,29.0,17.0,104.0,0.0,0.0,0.0
115,Bruce Irvin,LB,0.0,7.285999774932861,8.0,0.0,0.0,0.0,0.0,0.0,0.0,0.0,0.0,9.0,0.0,3.5,25.5,0.0,18.0,5.0,8.0,5.0,45.0,11.0,28.0,0.0,0.0,0.0
116,Carl Nassib,LB,0.0,8.71399974822998,2.3329999446868896,0.0,0.0,0.0,0.0,0.0,0.0,0.0,3.0,6.0,0.0,3.5,30.5,0.0,15.0,4.0,7.0,6.0,34.0,17.0,23.0,0.0,0.0,0.0
117,Ifeadi Odenigbo,LB,0.0,8.0,5.0,0.0,0.0,0.0,1.0,0.0,0.0,0.0,0.0,6.0,0.0,3.5,28.0,0.0,9.0,2.0,10.0,4.0,22.0,15.0,18.0,0.0,0.0,0.0
118,Shaq Lawson,DE,0.0,8.857000350952148,3.25,0.0,0.0,0.0,0.0,0.0,0.0,0.0,1.0,9.0,0.0,3.5,31.0,0.0,19.0,9.5,13.0,6.0,29.0,16.0,31.0,0.0,0.0,0.0
119,Maliek Collins,DT,0.0,4.85699987411499,2.0,0.0,0.0,0.0,0.0,0.0,0.0,0.0,2.0,10.0,0.0,3.5,17.0,0.0,27.0,10.0,12.0,9.0,22.0,17.0,37.0,0.0,0.0,0.0
120,Zach Sieler,DT,0.0,9.0,2.6670000553131104,0.0,0.0,0.0,0.0,0.0,0.0,0.0,4.0,12.0,0.0,3.5,31.5,0.0,41.0,10.0,8.0,7.0,41.0,17.0,70.0,0.0,0.0,0.0
121,Kentavius Street,DT,0.0,3.428999900817871,2.3329999446868896,0.0,0.0,0.0,0.0,0.0,0.0,0.0,1.0,8.0,0.0,3.5,12.0,0.0,13.0,4.0,7.0,5.0,15.0,17.0,29.0,0.0,0.0,0.0
122,Khalen Saunders,DT,0.0,6.428999900817871,0.0,0.0,0.0,0.0,0.0,0.0,0.0,0.0,1.0,8.0,0.0,3.5,22.5,0.0,22.0,2.0,0.0,3.0,21.0,17.0,48.0,0.0,0.0,0.0
123,Justin Hollins,LB,0.0,7.571000099182129,3.0,0.0,0.0,0.0,0.0,0.0,0.0,0.0,0.0,7.0,0.0,3.5,26.5,0.0,19.0,2.5,6.0,4.0,18.0,16.0,35.0,0.0,0.0,0.0
124,Christian Wilkins,DT,0.0,7.0,2.071000099182129,0.0,0.0,0.0,0.0,0.0,0.0,0.0,6.0,7.0,0.0,3.5,24.5,0.0,59.0,17.5,29.0,16.0,40.0,17.0,98.0,0.0,0.0,0.0
125,Rasheem Green,DE,0.0,4.285999774932861,2.0,0.0,0.0,0.0,0.0,0.0,0.0,0.0,2.0,8.0,0.0,3.5,15.0,0.0,27.0,3.5,4.0,5.0,16.0,17.0,42.0,0.0,0.0,0.0
126,Bryce Huff,DE,0.0,7.14300012588501,0.0,0.0,0.0,0.0,0.0,0.0,0.0,0.0,1.0,10.0,0.0,3.5,25.0,0.0,4.0,0.0,0.0,2.0,13.0,17.0,6.0,0.0,0.0,0.0
127,L'Jarius Sneed,CB,19.0,8.857000350952148,2.0,0.0,0.0,0.0,0.0,1.0,0.0,0.0,11.0,5.0,0.0,3.5,31.0,0.0,75.0,4.5,8.0,5.0,11.0,17.0,108.0,0.0,0.0,0.0
128,Joseph Ossai,DE,0.0,3.571000099182129,0.0,0.0,0.0,0.0,0.0,0.0,1.0,0.0,1.0,10.0,0.0,3.5,12.5,0.0,6.0,1.5,0.0,2.0,12.0,16.0,17.0,0.0,0.0,0.0
129,Travon Walker,LB,9.0,6.571000099182129,3.3329999446868896,0.0,0.0,0.0,0.0,1.0,0.0,0.0,2.0,10.0,0.0,3.5,23.0,0.0,24.0,5.0,10.0,5.0,20.0,17.0,49.0,0.0,0.0,0.0
130,Jason Pierre-Paul,LB,3.0,7.666999816894531,2.5,0.0,0.0,0.0,0.0,1.0,0.0,0.0,5.0,3.0,0.0,3.0,23.0,0.0,17.0,3.5,5.0,5.0,28.0,15.0,26.0,0.0,0.0,0.0
131,Lavonte David,LB,0.0,8.666999816894531,1.6670000553131104,0.0,0.0,0.0,0.0,0.0,0.0,0.0,5.0,3.0,0.0,3.0,26.0,0.0,80.0,10.5,15.0,10.0,22.0,17.0,124.0,0.0,0.0,0.0
132,Christian Kirksey,LB,9.0,8.666999816894531,1.399999976158142,0.0,0.0,0.0,0.0,1.0,0.0,0.0,5.0,7.0,0.0,3.0,26.0,0.0,82.0,8.0,7.0,7.0,22.0,17.0,124.0,0.0,0.0,0.0
133,Shaquil Barrett,LB,0.0,4.333000183105469,3.75,0.0,0.0,0.0,0.0,0.0,0.0,0.0,0.0,6.0,0.0,3.0,13.0,0.0,20.0,5.0,15.0,6.0,28.0,17.0,31.0,0.0,0.0,0.0
134,Jordan Hicks,LB,19.0,3.6670000553131104,1.5,0.0,0.0,0.0,0.0,1.0,0.0,0.0,10.0,4.0,0.0,3.0,11.0,0.0,86.0,8.0,3.0,2.0,2.0,17.0,129.0,0.0,0.0,0.0
135,Roy Robertson-Harris,DE,0.0,7.0,3.0,0.0,0.0,0.0,0.0,0.0,0.0,0.0,4.0,12.0,0.0,3.0,21.0,0.0,28.0,9.0,12.0,7.0,33.0,17.0,45.0,0.0,0.0,0.0
136,Mario Edwards Jr.,DE,0.0,6.0,1.5,0.0,0.0,0.0,0.0,0.0,0.0,0.0,1.0,11.0,0.0,3.0,18.0,0.0,11.0,5.5,3.0,4.0,18.0,14.0,17.0,0.0,0.0,0.0
137,Sheldon Rankins,DT,0.0,7.333000183105469,4.0,0.0,0.0,0.0,0.0,0.0,0.0,0.0,0.0,7.0,0.0,3.0,22.0,0.0,25.0,5.0,4.0,4.0,22.0,17.0,43.0,0.0,0.0,0.0
138,Quincy Williams,LB,0.0,7.0,2.4549999237060547,0.0,0.0,0.0,0.0,0.0,0.0,0.0,1.0,6.0,0.0,3.0,21.0,0.0,74.0,14.0,27.0,12.0,26.0,17.0,106.0,0.0,0.0,0.0
139,Taven Bryan,DT,0.0,7.166999816894531,0.0,0.0,0.0,0.0,0.0,0.0,0.0,0.0,1.0,6.0,0.0,3.0,21.5,0.0,11.0,1.0,0.0,2.0,17.0,17.0,26.0,0.0,0.0,0.0
140,Jihad Ward,LB,0.0,4.0,3.0,0.0,0.0,0.0,0.0,0.0,0.0,0.0,4.0,13.0,0.0,3.0,12.0,0.0,28.0,5.5,18.0,7.0,17.0,17.0,43.0,0.0,0.0,0.0
141,Ja'Whaun Bentley,LB,7.0,8.333000183105469,4.0,0.0,0.0,0.0,0.0,1.0,0.0,0.0,2.0,6.0,0.0,3.0,25.0,0.0,62.0,3.5,4.0,5.0,33.0,17.0,125.0,0.0,0.0,0.0
142,Justin Jones,DT,0.0,7.333000183105469,1.8890000581741333,0.0,0.0,0.0,0.0,0.0,0.0,0.0,4.0,7.0,0.0,3.0,22.0,0.0,28.0,10.5,17.0,12.0,34.0,17.0,52.0,0.0,0.0,0.0
143,BJ Hill,DT,0.0,4.0,2.0,0.0,0.0,0.0,1.0,0.0,0.0,0.0,4.0,11.0,0.0,3.0,12.0,0.0,30.0,6.5,4.0,4.0,4.0,16.0,68.0,0.0,0.0,0.0
144,Zaire Franklin,LB,0.0,5.833000183105469,1.899999976158142,0.0,0.0,0.0,0.0,0.0,0.0,0.0,6.0,6.0,0.0,3.0,17.5,0.0,102.0,14.5,19.0,12.0,24.0,17.0,167.0,0.0,0.0,0.0
145,Poona Ford,DT,0.0,6.333000183105469,2.0,0.0,0.0,0.0,0.0,0.0,0.0,0.0,2.0,7.0,0.0,3.0,19.0,0.0,22.0,2.5,4.0,6.0,32.0,17.0,35.0,0.0,0.0,0.0
146,Marlon Humphrey,CB,8.666999816894531,4.666999816894531,5.0,0.0,0.0,0.0,0.0,1.0,0.0,0.0,7.0,4.0,0.0,3.0,14.0,0.0,53.0,1.5,5.0,3.0,19.0,17.0,71.0,0.0,0.0,0.0
147,James Smith-Williams,DE,0.0,8.333000183105469,3.0,0.0,0.0,0.0,0.0,0.0,0.0,0.0,1.0,16.0,0.0,3.0,25.0,0.0,12.0,4.0,6.0,5.0,31.0,17.0,23.0,0.0,0.0,0.0
148,Blake Cashman,LB,0.0,6.666999816894531,1.5,0.0,0.0,0.0,0.0,0.0,0.0,0.0,2.0,5.0,0.0,3.0,20.0,0.0,19.0,2.0,3.0,4.0,20.0,17.0,26.0,0.0,0.0,0.0
149,Trevis Gipson,LB,0.0,7.0,4.0,0.0,0.0,0.0,0.0,0.0,0.0,0.0,3.0,11.0,0.0,3.0,21.0,0.0,17.0,4.0,4.0,4.0,25.0,17.0,31.0,0.0,0.0,0.0
150,Boye Mafe,LB,0.0,2.6670000553131104,1.0,0.0,0.0,0.0,0.0,0.0,0.0,0.0,0.0,4.0,0.0,3.0,8.0,0.0,28.0,5.0,2.0,3.0,10.0,17.0,41.0,0.0,0.0,0.0
151,Jamin Davis,LB,0.0,5.0,2.571000099182129,0.0,0.0,0.0,0.0,0.0,0.0,0.0,1.0,5.0,0.0,3.0,15.0,0.0,68.0,9.0,18.0,9.0,32.0,17.0,104.0,0.0,0.0,0.0
152,Myjai Sanders,LB,0.0,5.333000183105469,5.5,0.0,0.0,0.0,0.0,0.0,0.0,0.0,3.0,5.0,0.0,3.0,16.0,0.0,17.0,4.5,11.0,3.0,18.0,17.0,23.0,0.0,0.0,0.0
153,Odafe Oweh,LB,0.0,7.833000183105469,3.0,0.0,0.0,0.0,0.0,0.0,0.0,0.0,0.0,11.0,0.0,3.0,23.5,0.0,30.0,5.0,15.0,7.0,29.0,17.0,43.0,0.0,0.0,0.0
154,Cameron Thomas,LB,0.0,4.0,0.0,0.0,0.0,0.0,0.0,0.0,0.0,0.0,1.0,6.0,0.0,3.0,12.0,0.0,7.0,2.0,0.0,3.0,12.0,17.0,18.0,0.0,0.0,0.0
155,Kingsley Enagbare,LB,0.0,2.6670000553131104,4.5,0.0,0.0,0.0,0.0,0.0,0.0,0.0,3.0,8.0,0.0,3.0,8.0,0.0,18.0,4.0,9.0,5.0,17.0,17.0,31.0,0.0,0.0,0.0
156,Drake Jackson,DE,0.0,4.666999816894531,2.0,0.0,0.0,0.0,0.0,1.0,0.0,0.0,8.0,6.0,0.0,3.0,14.0,0.0,8.0,1.0,2.0,3.0,14.0,17.0,14.0,0.0,0.0,0.0
157,Markus Golden,LB,0.0,5.800000190734863,2.4000000953674316,0.0,0.0,0.0,0.0,0.0,0.0,0.0,0.0,20.0,0.0,2.5,14.5,0.0,22.0,9.0,12.0,7.0,21.0,17.0,48.0,0.0,0.0,0.0
158,Leonard Williams,DE,0.0,7.599999904632568,1.0,0.0,0.0,0.0,0.0,0.0,0.0,0.0,0.0,12.0,0.0,2.5,19.0,0.0,26.0,7.5,3.0,5.0,18.0,17.0,45.0,0.0,0.0,0.0
159,Deion Jones,LB,5.0,6.400000095367432,2.0,0.0,0.0,0.0,0.0,1.0,0.0,0.0,3.0,3.0,0.0,2.5,16.0,0.0,25.0,3.0,8.0,6.0,14.0,17.0,44.0,0.0,0.0,0.0
160,Dalvin Tomlinson,DT,0.0,8.399999618530273,1.0,0.0,0.0,0.0,0.0,0.0,0.0,0.0,0.0,10.0,0.0,2.5,21.0,0.0,19.0,6.5,2.0,3.0,18.0,17.0,42.0,0.0,0.0,0.0
161,Josey Jewell,LB,10.5,11.199999809265137,3.200000047683716,0.0,0.0,0.0,0.0,1.0,0.0,0.0,4.0,4.0,0.0,2.5,28.0,0.0,70.0,9.5,16.0,7.0,35.0,17.0,128.0,0.0,0.0,0.0
162,Joey Bosa,LB,0.0,9.0,4.0,0.0,0.0,0.0,0.0,0.0,0.0,0.0,0.0,6.0,0.0,2.5,22.5,0.0,8.0,1.0,4.0,3.0,24.0,17.0,10.0,0.0,0.0,0.0
163,Jarran Reed,DT,0.0,8.199999809265137,1.0,0.0,0.0,0.0,0.0,0.0,0.0,0.0,0.0,14.0,0.0,2.5,20.5,0.0,29.0,7.5,3.0,5.0,16.0,17.0,52.0,0.0,0.0,0.0
164,J.T. Gray,S,0.0,5.0,0.0,0.0,0.0,0.0,0.0,0.0,0.0,0.0,0.0,2.0,0.0,2.5,12.5,0.0,9.0,0.0,0.0,1.0,8.0,17.0,17.0,0.0,0.0,0.0
165,Jacob Martin,LB,0.0,7.599999904632568,1.0,0.0,0.0,0.0,0.0,0.0,0.0,0.0,0.0,5.0,0.0,2.5,19.0,0.0,7.0,1.5,1.0,2.0,11.0,17.0,14.0,0.0,0.0,0.0
166,DaVon Hamilton,DT,0.0,2.799999952316284,1.3329999446868896,0.0,0.0,0.0,0.0,0.0,0.0,0.0,1.0,6.0,0.0,2.5,7.0,0.0,27.0,7.0,4.0,5.0,10.0,17.0,56.0,0.0,0.0,0.0
167,Logan Wilson,LB,0.0,0.0,0.0,0.0,0.0,0.0,0.0,0.0,0.0,0.0,0.0,0.0,0.0,1.0,0.0,0.0,0.0,0.0,0.0,0.0,0.0,0.0,0.0,0.0,0.0,16.0
168,Ed Oliver,DT,0.0,5.199999809265137,2.8329999446868896,0.0,0.0,0.0,0.0,0.0,0.0,0.0,3.0,14.0,0.0,2.5,13.0,1.0,20.0,8.5,17.0,9.0,38.0,16.0,34.0,0.0,0.0,0.0
169,Micheal Clemons,DE,0.0,3.5999999046325684,1.0,0.0,0.0,0.0,1.0,0.0,0.0,0.0,0.0,6.0,0.0,2.5,9.0,0.0,22.0,6.5,2.0,4.0,10.0,17.0,36.0,0.0,0.0,0.0
170,Arnold Ebiketie,DE,0.0,7.400000095367432,1.0,0.0,0.0,0.0,0.0,0.0,0.0,0.0,2.0,11.0,0.0,2.5,18.5,0.0,21.0,2.0,1.0,3.0,16.0,17.0,30.0,0.0,0.0,0.0
171,Yetur Gross-Matos,DE,0.0,0.0,0.0,0.0,0.0,0.0,0.0,0.0,0.0,0.0,0.0,0.0,0.0,0.0,0.0,0.0,0.0,0.0,0.0,0.0,0.0,0.0,0.0,0.0,0.0,17.0
172,Willie Gay,LB,47.0,3.200000047683716,2.75,0.0,0.0,0.0,0.0,1.0,0.0,0.0,8.0,4.0,0.0,2.5,8.0,0.0,51.0,8.0,22.0,9.0,24.0,17.0,88.0,0.0,0.0,0.0
173,Logan Hall,DE,0.0,8.0,1.0,0.0,0.0,0.0,0.0,0.0,0.0,0.0,0.0,6.0,0.0,2.5,20.0,0.0,7.0,3.0,3.0,5.0,18.0,17.0,12.0,0.0,0.0,0.0
174,Christian Barmore,DT,0.0,6.199999809265137,0.0,0.0,0.0,0.0,0.0,0.0,0.0,0.0,1.0,7.0,0.0,2.5,15.5,0.0,12.0,1.5,0.0,2.0,13.0,17.0,23.0,0.0,0.0,0.0
175,Jermaine Johnson,DE,0.0,5.599999904632568,5.0,0.0,0.0,0.0,1.0,0.0,0.0,0.0,0.0,5.0,0.0,2.5,14.0,1.0,18.0,5.0,5.0,3.0,18.0,17.0,29.0,0.0,0.0,0.0
176,Al Woods,DT,0.0,3.0,1.75,0.0,0.0,0.0,0.0,0.0,0.0,0.0,1.0,3.0,0.0,2.0,6.0,0.0,27.0,8.5,7.0,5.0,13.0,17.0,39.0,0.0,0.0,0.0
177,Lawrence Guy,DE,0.0,9.0,2.0,0.0,0.0,0.0,0.0,0.0,0.0,0.0,0.0,5.0,0.0,2.0,18.0,0.0,18.0,3.5,2.0,3.0,14.0,17.0,46.0,0.0,0.0,0.0
178,Jadeveon Clowney,DE,0.0,8.5,3.25,0.0,0.0,0.0,0.0,0.0,0.0,0.0,3.0,4.0,0.0,2.0,17.0,0.0,14.0,8.0,13.0,4.0,12.0,17.0,28.0,0.0,0.0,0.0
179,Shelby Harris,DE,0.0,8.5,2.6670000553131104,0.0,0.0,0.0,0.0,0.0,0.0,0.0,4.0,6.0,0.0,2.0,17.0,0.0,24.0,9.0,8.0,5.0,18.0,17.0,44.0,0.0,0.0,0.0
180,DaQuan Jones,DT,0.0,7.25,4.0,0.0,0.0,0.0,1.0,0.0,0.0,0.0,0.0,11.0,0.0,2.0,14.5,0.0,22.0,7.5,8.0,3.0,7.0,16.0,38.0,0.0,0.0,0.0
181,Rakeem Nunez-Roches,DT,0.0,9.0,2.0,0.0,0.0,0.0,0.0,0.0,0.0,0.0,0.0,3.0,0.0,2.0,18.0,0.0,19.0,7.5,6.0,5.0,24.0,17.0,33.0,0.0,0.0,0.0
182,Eric Rowe,CB,0.0,3.5,3.0,0.0,0.0,0.0,0.0,0.0,0.0,0.0,2.0,2.0,0.0,2.0,7.0,0.0,42.0,2.0,6.0,4.0,9.0,17.0,56.0,0.0,0.0,0.0
183,Josh Tupou,DT,0.0,10.0,0.0,0.0,0.0,0.0,0.0,0.0,0.0,0.0,0.0,3.0,0.0,2.0,20.0,0.0,8.0,0.5,0.0,2.0,20.0,16.0,19.0,0.0,0.0,0.0
184,Romeo Okwara,LB,0.0,8.0,0.0,0.0,0.0,0.0,0.0,0.0,0.0,0.0,0.0,2.0,0.0,2.0,16.0,0.0,3.0,1.0,0.0,2.0,16.0,17.0,8.0,0.0,0.0,0.0
185,Tanoh Kpassagnon,DE,0.0,6.5,3.5,0.0,0.0,0.0,0.0,0.0,0.0,0.0,0.0,6.0,0.0,2.0,13.0,0.0,15.0,5.0,7.0,3.0,12.0,17.0,28.0,0.0,0.0,0.0
186,Tyus Bowser,LB,0.0,4.0,1.5,0.0,0.0,0.0,0.0,0.0,0.0,0.0,2.0,4.0,0.0,2.0,8.0,0.0,8.0,4.0,3.0,3.0,8.0,17.0,13.0,0.0,0.0,0.0
187,Damien Wilson,LB,0.0,6.0,1.5,0.0,0.0,0.0,0.0,0.0,0.0,0.0,0.0,2.0,0.0,2.0,12.0,0.0,23.0,3.0,3.0,4.0,13.0,17.0,38.0,0.0,0.0,0.0
188,Randy Gregory,LB,0.0,8.5,4.0,0.0,0.0,0.0,0.0,0.0,0.0,0.0,0.0,7.0,0.0,2.0,17.0,0.0,7.0,1.0,4.0,2.0,12.0,17.0,12.0,0.0,0.0,0.0
189,Jayron Kearse,S,2.0,6.0,2.0,0.0,0.0,0.0,0.0,1.0,0.0,0.0,5.0,2.0,0.0,2.0,12.0,0.0,55.0,5.0,10.0,7.0,21.0,17.0,77.0,0.0,0.0,0.0
190,Jalen Ramsey,CB,13.25,8.5,1.3329999446868896,0.0,0.0,0.0,0.0,1.0,0.0,0.0,18.0,2.0,0.0,2.0,17.0,0.0,64.0,4.5,4.0,4.0,11.0,17.0,88.0,0.0,0.0,0.0
191,Sebastian Joseph-Day,DT,4.0,8.0,1.7139999866485596,0.0,0.0,0.0,0.0,1.0,0.0,0.0,1.0,6.0,0.0,2.0,16.0,1.0,27.0,11.0,12.0,9.0,26.0,17.0,56.0,0.0,0.0,0.0
192,Foyesade Oluokun,LB,0.0,6.0,1.7000000476837158,0.0,0.0,0.0,0.0,0.0,0.0,0.0,5.0,9.0,0.0,2.0,12.0,0.0,128.0,18.5,17.0,12.0,26.0,17.0,184.0,0.0,0.0,0.0
193,Daniel Ekuale,DT,0.0,7.0,0.0,0.0,0.0,0.0,0.0,0.0,0.0,0.0,1.0,3.0,0.0,2.0,14.0,0.0,10.0,1.5,0.0,2.0,14.0,17.0,14.0,0.0,0.0,0.0
194,Jordan Willis,DE,0.0,1.5,2.5,0.0,0.0,0.0,0.0,0.0,0.0,0.0,0.0,4.0,0.0,2.0,3.0,0.0,6.0,3.5,5.0,3.0,5.0,17.0,12.0,0.0,0.0,0.0
195,T.J. Edwards,LB,0.0,1.5,2.555999994277954,0.0,0.0,0.0,0.0,0.0,0.0,0.0,7.0,5.0,0.0,2.0,3.0,0.0,99.0,6.5,23.0,10.0,21.0,17.0,159.0,0.0,0.0,0.0
196,Oshane Ximines,LB,0.0,0.0,0.0,0.0,0.0,0.0,0.0,0.0,0.0,0.0,0.0,0.0,0.0,1.0,0.0,0.0,0.0,0.0,0.0,0.0,0.0,0.0,0.0,0.0,0.0,17.0
197,Terrell Edmunds,S,0.0,9.0,2.0,0.0,0.0,0.0,0.0,0.0,0.0,0.0,5.0,2.0,0.0,2.0,18.0,0.0,41.0,5.5,2.0,3.0,20.0,17.0,70.0,0.0,0.0,0.0
198,Rashaan Evans,LB,0.0,8.5,3.25,0.0,0.0,0.0,0.0,0.0,0.0,0.0,4.0,3.0,0.0,2.0,17.0,0.0,86.0,8.0,13.0,6.0,30.0,17.0,159.0,0.0,0.0,0.0
199,Fred Warner,LB,20.0,7.25,2.0,0.0,0.0,0.0,0.0,1.0,0.0,0.0,10.0,6.0,0.0,2.0,14.5,0.0,79.0,8.0,4.0,3.0,24.0,17.0,130.0,0.0,0.0,0.0
200,Clelin Ferrell,DE,0.0,7.75,4.0,0.0,0.0,0.0,0.0,0.0,0.0,0.0,2.0,8.0,0.0,2.0,15.5,0.0,8.0,2.0,8.0,3.0,19.0,17.0,26.0,0.0,0.0,0.0
201,Shy Tuttle,DT,0.0,2.75,0.0,0.0,0.0,0.0,0.0,0.0,0.0,0.0,5.0,3.0,0.0,2.0,5.5,0.0,26.0,3.0,0.0,1.0,1.0,17.0,49.0,0.0,0.0,0.0
202,D.J. Jones,DT,0.0,7.0,1.0,0.0,0.0,0.0,0.0,0.0,0.0,0.0,6.0,4.0,0.0,2.0,14.0,0.0,22.0,6.0,1.0,3.0,14.0,17.0,34.0,0.0,0.0,0.0
203,Arthur Maulet,CB,12.0,6.0,4.0,0.0,0.0,0.0,0.0,1.0,0.0,0.0,3.0,2.0,0.0,2.0,12.0,0.0,38.0,5.0,4.0,2.0,9.0,17.0,59.0,0.0,0.0,0.0
204,Cody Barton,LB,5.5,4.0,2.0,0.0,0.0,0.0,0.0,1.0,0.0,0.0,6.0,2.0,0.0,2.0,8.0,0.0,84.0,6.5,6.0,4.0,12.0,17.0,136.0,0.0,0.0,0.0
205,Kevin Givens,DT,0.0,7.5,1.399999976158142,0.0,0.0,0.0,0.0,0.0,0.0,0.0,1.0,3.0,0.0,2.0,15.0,0.0,11.0,6.5,7.0,7.0,21.0,17.0,20.0,0.0,0.0,0.0
206,Boogie Basham,DE,21.0,1.5,0.0,0.0,0.0,0.0,0.0,1.0,0.0,0.0,2.0,5.0,0.0,2.0,3.0,0.0,9.0,2.5,0.0,1.0,3.0,16.0,19.0,0.0,0.0,0.0
207,Jordan Elliott,DT,0.0,7.0,3.3329999446868896,0.0,0.0,0.0,1.0,0.0,0.0,0.0,2.0,3.0,0.0,2.0,14.0,0.0,19.0,6.0,10.0,5.0,20.0,17.0,36.0,0.0,0.0,0.0
208,Brandon Jones,S,0.0,15.0,0.0,0.0,0.0,0.0,0.0,0.0,0.0,0.0,3.0,2.0,0.0,2.0,30.0,0.0,26.0,1.5,0.0,1.0,17.0,17.0,49.0,0.0,0.0,0.0
209,Jonathon Cooper,LB,0.0,6.5,0.0,0.0,0.0,0.0,0.0,0.0,0.0,0.0,0.0,7.0,0.0,2.0,13.0,0.0,23.0,1.5,0.0,2.0,13.0,17.0,48.0,0.0,0.0,0.0
210,Julian Okwara,LB,0.0,6.0,4.0,0.0,0.0,0.0,0.0,0.0,0.0,0.0,0.0,3.0,0.0,2.0,12.0,0.0,10.0,2.0,4.0,3.0,16.0,17.0,17.0,0.0,0.0,0.0
211,Adetokunbo Ogundeji,LB,0.0,1.0,1.0,0.0,0.0,0.0,1.0,0.0,0.0,0.0,0.0,1.0,0.0,2.0,2.0,0.0,19.0,4.5,2.0,3.0,3.0,17.0,42.0,0.0,0.0,0.0
212,Coby Bryant,CB,0.0,4.5,3.0,0.0,0.0,0.0,0.0,0.0,0.0,0.0,4.0,4.0,0.0,2.0,9.0,0.0,52.0,2.0,6.0,4.0,15.0,17.0,70.0,0.0,0.0,0.0
213,Larrell Murchison,DT,0.0,9.0,0.0,0.0,0.0,0.0,0.0,0.0,0.0,0.0,0.0,2.0,0.0,2.0,18.0,0.0,6.0,1.0,0.0,2.0,18.0,10.0,8.0,0.0,0.0,0.0
214,Payton Turner,DE,0.0,7.5,2.0,0.0,0.0,0.0,1.0,0.0,0.0,0.0,0.0,3.0,0.0,2.0,15.0,0.0,11.0,3.0,6.0,5.0,19.0,17.0,16.0,0.0,0.0,0.0
215,Chris Rumph II,LB,0.0,8.5,0.0,0.0,0.0,0.0,0.0,0.0,0.0,0.0,1.0,6.0,0.0,2.0,17.0,0.0,7.0,1.0,0.0,2.0,17.0,17.0,15.0,0.0,0.0,0.0
216,Jacob Phillips,LB,0.0,2.0,0.0,0.0,0.0,0.0,0.0,0.0,0.0,0.0,1.0,2.0,0.0,2.0,4.0,0.0,29.0,1.5,0.0,2.0,4.0,17.0,46.0,0.0,0.0,0.0
217,Ryder Anderson,DE,0.0,3.5,0.0,0.0,0.0,0.0,0.0,0.0,0.0,0.0,0.0,2.0,0.0,2.0,7.0,0.0,4.0,1.5,0.0,2.0,7.0,7.0,8.0,0.0,0.0,0.0
218,Cam Sample,DE,0.0,5.5,3.0,0.0,0.0,0.0,0.0,0.0,0.0,0.0,0.0,7.0,0.0,2.0,11.0,0.0,17.0,3.0,6.0,4.0,16.0,16.0,25.0,0.0,0.0,0.0
219,Zaven Collins,LB,30.0,9.0,2.1110000610351562,0.0,0.0,0.0,0.0,1.0,0.0,0.0,6.0,4.0,0.0,2.0,18.0,0.0,63.0,12.0,19.0,11.0,29.0,17.0,100.0,0.0,0.0,0.0
220,Benjamin St-Juste,CB,0.0,6.0,0.0,0.0,0.0,0.0,0.0,0.0,0.0,0.0,7.0,3.0,0.0,2.0,12.0,0.0,34.0,0.0,0.0,2.0,12.0,17.0,42.0,0.0,0.0,0.0
221,Josh Paschal,DE,0.0,11.0,0.0,0.0,0.0,0.0,0.0,0.0,0.0,0.0,0.0,4.0,0.0,2.0,22.0,0.0,10.0,2.0,0.0,2.0,22.0,17.0,16.0,0.0,0.0,0.0
222,Talanoa Hufanga,S,15.25,6.0,2.4000000953674316,0.0,0.0,0.0,0.0,1.0,0.0,0.0,9.0,3.0,0.0,2.0,12.0,0.0,66.0,8.0,12.0,5.0,12.0,17.0,97.0,0.0,0.0,0.0
223,Nick Bolton,LB,7.5,9.5,1.5,0.0,0.0,0.0,0.0,1.0,0.0,0.0,3.0,7.0,0.0,2.0,19.0,0.0,108.0,12.0,12.0,9.0,22.0,17.0,180.0,0.0,0.0,0.0
224,Micah McFadden,LB,0.0,8.5,1.75,0.0,0.0,0.0,0.0,0.0,0.0,0.0,0.0,2.0,0.0,2.0,17.0,0.0,36.0,6.5,7.0,6.0,23.0,17.0,59.0,0.0,0.0,0.0
225,Jack Sanborn,LB,0.0,4.0,2.0,0.0,0.0,0.0,0.0,0.0,0.0,0.0,0.0,3.0,0.0,2.0,8.0,0.0,50.0,3.5,6.0,5.0,9.0,17.0,64.0,0.0,0.0,0.0
226,Amare Barno,DE,0.0,5.0,2.0,0.0,0.0,0.0,0.0,0.0,0.0,0.0,0.0,2.0,0.0,2.0,10.0,0.0,8.0,1.0,2.0,2.0,12.0,17.0,9.0,0.0,0.0,0.0
227,Kyle Hamilton,S,0.0,7.5,3.0,0.0,0.0,0.0,0.0,0.0,0.0,0.0,5.0,5.0,0.0,2.0,15.0,0.0,46.0,3.5,6.0,4.0,20.0,17.0,62.0,0.0,0.0,0.0
228,Mike Purcell,DT,0.0,1.6670000553131104,0.0,0.0,0.0,0.0,0.0,0.0,0.0,0.0,0.0,4.0,0.0,1.5,2.5,1.0,21.0,4.5,0.0,1.0,2.0,17.0,45.0,0.0,0.0,0.0
229,Jordan Phillips,DT,0.0,9.666999816894531,2.5,0.0,0.0,0.0,0.0,0.0,0.0,0.0,2.0,6.0,0.0,1.5,14.5,0.0,9.0,4.5,5.0,3.0,13.0,16.0,20.0,0.0,0.0,0.0
230,Adam Gotsis,DE,0.0,3.6670000553131104,3.5,0.0,0.0,0.0,0.0,0.0,0.0,0.0,2.0,9.0,0.0,1.5,5.5,0.0,10.0,3.0,7.0,3.0,11.0,17.0,19.0,0.0,0.0,0.0
231,Alex Anzalone,LB,4.0,9.666999816894531,2.0,0.0,0.0,0.0,0.0,1.0,0.0,0.0,6.0,7.0,0.0,1.5,14.5,0.0,77.0,9.5,12.0,7.0,16.0,17.0,125.0,0.0,0.0,0.0
232,Folorunso Fatukasi,DT,0.0,3.6670000553131104,1.0,0.0,0.0,0.0,0.0,0.0,0.0,0.0,3.0,3.0,0.0,1.5,5.5,0.0,13.0,3.5,1.0,2.0,5.0,17.0,24.0,0.0,0.0,0.0
233,Matt Milano,LB,28.0,7.666999816894531,3.0,0.0,0.0,0.0,0.0,1.0,0.0,0.0,11.0,7.0,0.0,1.5,11.5,0.0,72.0,17.0,33.0,12.0,41.0,16.0,99.0,0.0,0.0,0.0
234,Larry Ogunjobi,DT,0.0,6.666999816894531,2.0,0.0,0.0,0.0,0.0,0.0,0.0,0.0,0.0,11.0,0.0,1.5,10.0,0.0,25.0,8.0,12.0,7.0,14.0,17.0,48.0,0.0,0.0,0.0
235,Davon Godchaux,DT,0.0,5.0,1.5,0.0,0.0,0.0,0.0,0.0,0.0,0.0,0.0,3.0,0.0,1.5,7.5,0.0,25.0,3.5,3.0,3.0,4.0,17.0,62.0,0.0,0.0,0.0
236,Harrison Phillips,DT,0.0,4.666999816894531,1.5,0.0,0.0,0.0,0.0,0.0,0.0,0.0,1.0,6.0,0.0,1.5,7.0,0.0,28.0,9.5,3.0,3.0,7.0,17.0,59.0,0.0,0.0,0.0
237,Bilal Nichols,DT,0.0,9.0,2.6670000553131104,0.0,0.0,0.0,0.0,0.0,0.0,0.0,0.0,11.0,0.0,1.5,13.5,0.0,16.0,7.5,8.0,4.0,10.0,17.0,44.0,0.0,0.0,0.0
238,Darius Harris,LB,0.0,12.0,2.5,0.0,0.0,0.0,0.0,0.0,0.0,0.0,1.0,2.0,0.0,1.5,18.0,0.0,23.0,3.0,5.0,3.0,13.0,17.0,43.0,0.0,0.0,0.0
239,Jahlani Tavai,LB,0.0,8.333000183105469,2.0,0.0,0.0,0.0,0.0,0.0,0.0,0.0,2.0,4.0,0.0,1.5,12.5,0.0,37.0,4.0,2.0,2.0,7.0,17.0,69.0,0.0,0.0,0.0
240,Jonathan Greenard,DE,39.0,4.0,2.799999952316284,0.0,0.0,0.0,0.0,1.0,0.0,0.0,1.0,4.0,0.0,1.5,6.0,0.0,9.0,7.0,14.0,6.0,19.0,17.0,16.0,0.0,0.0,0.0
241,Anfernee Jennings,LB,0.0,10.666999816894531,2.0,0.0,0.0,0.0,0.0,0.0,0.0,0.0,2.0,4.0,0.0,1.5,16.0,0.0,15.0,4.0,2.0,1.0,2.0,17.0,27.0,0.0,0.0,0.0
242,Benito Jones,DT,0.0,1.6670000553131104,0.0,0.0,0.0,0.0,0.0,0.0,0.0,0.0,2.0,4.0,0.0,1.5,2.5,0.0,8.0,3.0,0.0,0.0,0.0,17.0,16.0,0.0,0.0,0.0
243,Damar Hamlin,S,0.0,7.666999816894531,2.5999999046325684,0.0,0.0,0.0,0.0,0.0,0.0,0.0,2.0,3.0,0.0,1.5,11.5,0.0,63.0,5.5,13.0,6.0,15.0,16.0,91.0,0.0,0.0,0.0
244,Nick McCloud,CB,0.0,7.666999816894531,3.0,0.0,0.0,0.0,1.0,0.0,0.0,0.0,7.0,2.0,0.0,1.5,11.5,0.0,35.0,1.5,3.0,2.0,14.0,17.0,43.0,0.0,0.0,0.0
245,Kyzir White,LB,0.0,4.333000183105469,1.0,0.0,0.0,0.0,0.0,0.0,0.0,0.0,7.0,3.0,0.0,1.5,6.5,0.0,66.0,4.5,1.0,3.0,9.0,17.0,110.0,0.0,0.0,0.0
246,Mack Wilson Sr.,LB,0.0,6.666999816894531,2.0,0.0,0.0,0.0,0.0,0.0,0.0,0.0,1.0,2.0,0.0,1.5,10.0,0.0,15.0,2.0,4.0,2.0,1.0,17.0,36.0,0.0,0.0,0.0
247,Nathan Shepherd,DT,0.0,7.666999816894531,1.6670000553131104,0.0,0.0,0.0,0.0,0.0,0.0,0.0,0.0,6.0,0.0,1.5,11.5,0.0,16.0,4.0,5.0,4.0,11.0,17.0,33.0,0.0,0.0,0.0
248,Jason Pinnock,CB,0.0,0.0,0.0,0.0,0.0,0.0,0.0,0.0,0.0,0.0,0.0,0.0,0.0,0.0,0.0,0.0,0.0,0.0,0.0,0.0,0.0,0.0,0.0,0.0,0.0,17.0
249,Dominique Robinson,DE,0.0,5.0,1.0,0.0,0.0,0.0,1.0,0.0,0.0,0.0,2.0,2.0,0.0,1.5,7.5,0.0,19.0,3.0,1.0,2.0,6.0,17.0,30.0,0.0,0.0,0.0
250,Nik Bonitto,LB,0.0,9.0,3.0,0.0,0.0,0.0,0.0,0.0,0.0,0.0,0.0,3.0,0.0,1.5,13.5,0.0,6.0,1.0,3.0,1.0,0.0,17.0,14.0,0.0,0.0,0.0
251,Chad Muma,LB,0.0,1.3329999446868896,1.5,0.0,0.0,0.0,0.0,0.0,0.0,0.0,1.0,3.0,0.0,1.5,2.0,0.0,28.0,2.0,3.0,3.0,4.0,17.0,47.0,0.0,0.0,0.0
252,Devonte Wyatt,DT,0.0,4.333000183105469,0.0,0.0,0.0,0.0,0.0,0.0,0.0,0.0,1.0,3.0,0.0,1.5,6.5,0.0,8.0,2.0,0.0,0.0,0.0,17.0,15.0,0.0,0.0,0.0
253,Jevon Holland,S,0.0,0.0,0.0,0.0,0.0,0.0,0.0,0.0,0.0,0.0,0.0,0.0,0.0,0.0,0.0,0.0,0.0,0.0,0.0,0.0,0.0,0.0,0.0,0.0,0.0,17.0
254,Teair Tart,DT,0.0,8.666999816894531,2.5,0.0,0.0,0.0,0.0,1.0,0.0,0.0,6.0,7.0,0.0,1.5,13.0,0.0,20.0,8.0,10.0,5.0,18.0,17.0,34.0,0.0,0.0,0.0
255,Quay Walker,LB,0.0,9.0,2.0,0.0,0.0,0.0,0.0,0.0,0.0,0.0,7.0,4.0,0.0,1.5,13.5,0.0,75.0,6.0,10.0,5.0,8.0,17.0,121.0,0.0,0.0,0.0
256,Ndamukong Suh,DT,0.0,4.5,0.0,0.0,0.0,0.0,0.0,0.0,0.0,0.0,0.0,2.0,0.0,1.0,4.5,0.0,4.0,2.0,0.0,0.0,0.0,8.0,10.0,0.0,0.0,0.0
257,Robert Quinn,DE,0.0,11.0,1.0,0.0,0.0,0.0,0.0,0.0,0.0,0.0,0.0,5.0,0.0,1.0,11.0,0.0,8.0,0.0,1.0,2.0,12.0,18.0,10.0,0.0,0.0,0.0
258,Mario Addison,DE,0.0,5.0,0.0,0.0,0.0,0.0,0.0,0.0,0.0,0.0,1.0,2.0,0.0,1.0,5.0,0.0,6.0,3.0,0.0,1.0,5.0,17.0,15.0,0.0,0.0,0.0
259,Chris Harris Jr.,S,0.0,4.0,0.0,0.0,0.0,0.0,0.0,0.0,0.0,0.0,3.0,1.0,0.0,1.0,4.0,0.0,26.0,2.0,0.0,1.0,4.0,13.0,29.0,0.0,0.0,0.0
260,Josh Bynes,LB,0.0,7.0,2.0,0.0,0.0,0.0,0.0,1.0,0.0,0.0,2.0,1.0,0.0,1.0,7.0,0.0,19.0,1.0,2.0,2.0,9.0,14.0,29.0,0.0,0.0,0.0
261,Akiem Hicks,DE,0.0,8.0,2.0,0.0,0.0,0.0,0.0,0.0,0.0,0.0,3.0,4.0,0.0,1.0,8.0,0.0,13.0,4.0,2.0,2.0,10.0,17.0,22.0,0.0,0.0,0.0
262,Tyrann Mathieu,S,14.666999816894531,0.0,1.3329999446868896,0.0,0.0,0.0,0.0,1.0,0.0,0.0,8.0,1.0,0.0,1.0,0.0,0.0,64.0,1.0,4.0,3.0,2.0,17.0,91.0,0.0,0.0,0.0
263,Brandon Copeland,LB,0.0,7.0,0.0,0.0,0.0,0.0,0.0,0.0,0.0,0.0,0.0,1.0,0.0,1.0,7.0,0.0,2.0,0.0,0.0,1.0,7.0,3.0,5.0,0.0,0.0,0.0
264,Anthony Barr,LB,0.0,9.0,4.0,0.0,0.0,0.0,0.0,0.0,0.0,0.0,1.0,4.0,0.0,1.0,9.0,0.0,35.0,4.5,4.0,2.0,13.0,17.0,58.0,0.0,0.0,0.0
265,C.J. Mosley,LB,0.0,0.0,2.4000000953674316,0.0,0.0,0.0,0.0,1.0,0.0,0.0,7.0,3.0,0.0,1.0,0.0,0.0,99.0,9.5,12.0,5.0,5.0,17.0,158.0,0.0,0.0,0.0
266,Brent Urban,DE,0.0,9.0,2.0,0.0,0.0,0.0,0.0,0.0,0.0,0.0,3.0,1.0,0.0,1.0,9.0,0.0,10.0,3.0,2.0,2.0,11.0,17.0,21.0,0.0,0.0,0.0
267,Justin Ellis,DT,0.0,8.0,2.0,0.0,0.0,0.0,0.0,0.0,0.0,0.0,0.0,1.0,0.0,1.0,8.0,0.0,5.0,1.0,2.0,2.0,10.0,17.0,22.0,0.0,0.0,0.0
268,Kerry Hyder Jr.,DE,0.0,3.0,0.0,0.0,0.0,0.0,0.0,0.0,0.0,0.0,3.0,4.0,0.0,1.0,3.0,0.0,10.0,0.5,0.0,1.0,3.0,17.0,19.0,0.0,0.0,0.0
269,Joe Thomas,LB,0.0,6.0,1.3329999446868896,0.0,0.0,0.0,0.0,0.0,0.0,0.0,2.0,1.0,0.0,1.0,6.0,0.0,35.0,4.5,4.0,4.0,10.0,15.0,61.0,0.0,0.0,0.0
270,K'Waun Williams,CB,0.0,7.0,1.0,0.0,0.0,0.0,0.0,1.0,0.0,0.0,7.0,2.0,0.0,1.0,7.0,0.0,30.0,0.0,1.0,2.0,8.0,17.0,44.0,0.0,0.0,0.0
271,Eric Kendricks,LB,0.0,8.0,2.6670000553131104,0.0,0.0,0.0,0.0,0.0,1.0,0.0,6.0,2.0,0.0,1.0,8.0,0.0,87.0,11.0,16.0,8.0,14.0,17.0,137.0,0.0,0.0,0.0
272,Carl Davis Jr.,DT,0.0,12.0,0.0,0.0,0.0,0.0,0.0,0.0,0.0,0.0,0.0,1.0,0.0,1.0,12.0,0.0,3.0,3.0,0.0,1.0,12.0,17.0,11.0,0.0,0.0,0.0
273,Marcus Peters,CB,8.0,12.0,1.0,0.0,0.0,0.0,0.0,1.0,0.0,0.0,6.0,1.0,0.0,1.0,12.0,0.0,35.0,3.5,1.0,2.0,12.0,17.0,47.0,0.0,0.0,0.0
274,Denzel Perryman,LB,24.0,7.0,3.1540000438690186,0.0,0.0,0.0,0.0,1.0,0.0,0.0,2.0,5.0,0.0,1.0,7.0,0.0,54.0,9.5,41.0,14.0,32.0,17.0,83.0,0.0,0.0,0.0
275,Adrian Amos,S,26.0,2.0,2.5,0.0,0.0,0.0,0.0,1.0,0.0,0.0,5.0,2.0,0.0,1.0,2.0,0.0,73.0,6.0,15.0,7.0,13.0,17.0,102.0,0.0,0.0,0.0
276,Rayshawn Jenkins,S,21.33300018310547,0.0,3.3329999446868896,0.0,0.0,0.0,0.0,1.0,0.0,0.0,12.0,2.0,0.0,1.0,0.0,0.0,73.0,11.0,10.0,3.0,9.0,17.0,116.0,0.0,0.0,0.0
277,Hassan Ridgeway,DT,0.0,8.0,1.0,0.0,0.0,0.0,0.0,0.0,0.0,0.0,0.0,4.0,0.0,1.0,8.0,0.0,14.0,4.0,2.0,3.0,9.0,17.0,28.0,0.0,0.0,0.0
278,David Mayo,LB,0.0,1.0,4.0,0.0,0.0,0.0,0.0,0.0,0.0,0.0,1.0,0.0,0.0,1.0,1.0,0.0,14.0,4.5,4.0,2.0,5.0,17.0,35.0,0.0,0.0,0.0
279,Matt Ioannidis,DT,0.0,5.0,2.25,0.0,0.0,0.0,0.0,0.0,0.0,0.0,1.0,9.0,0.0,1.0,5.0,0.0,17.0,6.0,9.0,5.0,13.0,17.0,37.0,0.0,0.0,0.0
280,Emmanuel Ogbah,DE,0.0,7.0,0.0,0.0,0.0,0.0,1.0,0.0,0.0,0.0,0.0,7.0,0.0,1.0,7.0,0.0,7.0,2.5,0.0,1.0,7.0,17.0,11.0,0.0,0.0,0.0
281,Jaleel Johnson,DT,0.0,0.0,0.0,0.0,0.0,0.0,0.0,0.0,0.0,0.0,0.0,2.0,0.0,1.0,0.0,0.0,11.0,0.0,0.0,0.0,0.0,9.0,15.0,0.0,0.0,0.0
282,Austin Johnson,DT,0.0,10.0,1.5,0.0,0.0,0.0,0.0,0.0,0.0,0.0,1.0,3.0,0.0,1.0,10.0,0.0,16.0,2.5,3.0,3.0,11.0,17.0,22.0,0.0,0.0,0.0
283,Landon Collins,S,52.0,7.0,0.0,0.0,0.0,0.0,0.0,1.0,0.0,0.0,2.0,1.0,0.0,1.0,7.0,0.0,7.0,1.0,0.0,1.0,7.0,6.0,15.0,0.0,0.0,0.0
284,Dylan Cole,LB,0.0,9.0,1.3329999446868896,0.0,0.0,0.0,0.0,0.0,0.0,0.0,1.0,1.0,0.0,1.0,9.0,0.0,42.0,6.0,4.0,4.0,11.0,17.0,64.0,0.0,0.0,0.0
285,Tyquan Lewis,DE,0.0,8.0,4.5,0.0,0.0,0.0,0.0,0.0,0.0,0.0,2.0,4.0,0.0,1.0,8.0,0.0,8.0,2.0,9.0,2.0,11.0,17.0,14.0,0.0,0.0,0.0
286,Tracy Walker III,S,0.0,4.0,0.0,0.0,0.0,0.0,0.0,0.0,0.0,0.0,1.0,1.0,0.0,1.0,4.0,0.0,11.0,0.0,0.0,1.0,4.0,17.0,20.0,0.0,0.0,0.0
287,Duke Riley,LB,0.0,2.0,3.0,0.0,0.0,0.0,0.0,0.0,0.0,0.0,2.0,1.0,0.0,1.0,2.0,0.0,25.0,1.5,6.0,3.0,21.0,17.0,45.0,0.0,0.0,0.0
288,Jourdan Lewis,CB,0.0,0.0,0.0,0.0,0.0,0.0,0.0,1.0,0.0,0.0,1.0,0.0,0.0,1.0,0.0,0.0,17.0,0.0,0.0,0.0,0.0,17.0,26.0,0.0,0.0,0.0
289,Steven Nelson,CB,33.0,7.0,4.0,0.0,0.0,0.0,0.0,1.0,0.0,0.0,7.0,1.0,0.0,1.0,7.0,0.0,39.0,1.0,4.0,1.0,4.0,17.0,52.0,0.0,0.0,0.0
290,Deadrin Senat,DT,0.0,6.0,1.0,0.0,0.0,0.0,0.0,0.0,0.0,0.0,0.0,2.0,0.0,1.0,6.0,0.0,10.0,2.0,1.0,2.0,7.0,15.0,17.0,0.0,0.0,0.0
291,Vonn Bell,S,14.0,6.5,1.7999999523162842,0.0,0.0,0.0,0.0,1.0,0.0,0.0,8.0,4.0,0.0,1.0,6.5,0.0,53.0,4.0,9.0,4.0,6.0,16.0,77.0,0.0,0.0,0.0
292,Andrew Billings,DT,0.0,8.0,2.0,0.0,0.0,0.0,0.0,0.0,0.0,0.0,0.0,3.0,0.0,1.0,8.0,0.0,18.0,6.5,6.0,3.0,6.0,17.0,39.0,0.0,0.0,0.0
293,Charles Harris,LB,0.0,5.0,1.5,0.0,0.0,0.0,0.0,0.0,0.0,0.0,1.0,4.0,0.0,1.0,5.0,0.0,10.0,3.5,3.0,2.0,0.0,17.0,14.0,0.0,0.0,0.0
294,Al-Quadin Muhammad,DE,0.0,0.0,1.0,0.0,0.0,0.0,0.0,0.0,0.0,0.0,0.0,3.0,0.0,1.0,0.0,0.0,15.0,3.0,1.0,1.0,0.0,17.0,29.0,0.0,0.0,0.0
295,Jaylon Smith,LB,0.0,7.0,3.0,0.0,0.0,0.0,0.0,0.0,0.0,0.0,0.0,2.0,0.0,1.0,7.0,0.0,46.0,3.5,6.0,3.0,13.0,14.0,88.0,0.0,0.0,0.0
296,Michael Davis,CB,30.0,6.0,1.0,0.0,0.0,0.0,0.0,1.0,0.0,0.0,15.0,1.0,0.0,1.0,6.0,0.0,48.0,2.5,1.0,2.0,6.0,17.0,62.0,0.0,0.0,0.0
297,Eric Wilson,LB,0.0,2.0,0.0,0.0,0.0,0.0,0.0,0.0,0.0,0.0,0.0,0.0,0.0,1.0,2.0,0.0,9.0,0.0,0.0,1.0,2.0,13.0,17.0,0.0,0.0,0.0
298,E.J. Speed,LB,0.0,7.0,1.4290000200271606,0.0,0.0,0.0,0.0,0.0,0.0,0.0,2.0,1.0,0.0,1.0,7.0,0.0,37.0,10.0,10.0,7.0,9.0,17.0,63.0,0.0,0.0,0.0
299,Tony Brown,CB,0.0,6.0,0.0,0.0,0.0,0.0,0.0,0.0,0.0,0.0,0.0,1.0,0.0,1.0,6.0,0.0,2.0,0.0,0.0,1.0,6.0,17.0,7.0,0.0,0.0,0.0
300,Chase Winovich,DE,0.0,10.0,0.0,0.0,0.0,0.0,0.0,0.0,0.0,0.0,1.0,3.0,0.0,1.0,10.0,0.0,14.0,1.0,0.0,1.0,10.0,17.0,20.0,0.0,0.0,0.0
301,Germaine Pratt,LB,1.5,4.0,2.200000047683716,0.0,0.0,0.0,0.0,1.0,0.0,0.0,10.0,1.0,0.0,1.0,4.0,0.0,50.0,9.5,11.0,6.0,8.0,16.0,99.0,0.0,0.0,0.0
302,Abdullah Anderson,DT,0.0,6.0,1.0,0.0,0.0,0.0,0.0,0.0,0.0,0.0,1.0,1.0,0.0,1.0,6.0,0.0,15.0,2.5,1.0,2.0,7.0,16.0,40.0,0.0,0.0,0.0
303,Ryan Neal,S,13.0,6.0,1.6670000553131104,0.0,0.0,0.0,0.0,1.0,0.0,0.0,8.0,1.0,0.0,1.0,6.0,0.0,45.0,3.5,5.0,4.0,11.0,17.0,66.0,0.0,0.0,0.0
304,Raekwon McMillan,LB,0.0,9.0,1.75,0.0,0.0,0.0,0.0,0.0,0.0,0.0,0.0,1.0,0.0,1.0,9.0,0.0,26.0,3.0,7.0,5.0,16.0,17.0,35.0,0.0,0.0,0.0
305,Avonte Maddox,CB,2.0,10.0,2.0,0.0,0.0,0.0,0.0,1.0,0.0,0.0,3.0,2.0,0.0,1.0,10.0,0.0,28.0,2.5,4.0,3.0,14.0,17.0,43.0,0.0,0.0,0.0
306,Malik Reed,LB,0.0,5.0,0.0,0.0,0.0,0.0,0.0,0.0,0.0,0.0,2.0,4.0,0.0,1.0,5.0,0.0,8.0,0.5,0.0,1.0,5.0,17.0,25.0,0.0,0.0,0.0
307,Genard Avery,LB,0.0,2.0,0.0,0.0,0.0,0.0,0.0,0.0,0.0,0.0,0.0,5.0,0.0,1.0,2.0,0.0,5.0,0.0,0.0,1.0,2.0,13.0,5.0,0.0,0.0,0.0
308,Armon Watts,DT,0.0,7.0,1.3329999446868896,0.0,0.0,0.0,0.0,0.0,0.0,0.0,0.0,2.0,0.0,1.0,7.0,0.0,18.0,5.0,4.0,4.0,9.0,17.0,35.0,0.0,0.0,0.0
309,Robert Spillane,LB,0.0,0.0,2.5,0.0,0.0,0.0,0.0,0.0,0.0,0.0,4.0,2.0,0.0,1.0,0.0,0.0,52.0,7.5,10.0,4.0,9.0,17.0,79.0,0.0,0.0,0.0
310,Leighton Vander Esch,LB,0.0,4.0,1.6670000553131104,0.0,0.0,0.0,0.0,0.0,0.0,0.0,1.0,1.0,0.0,1.0,4.0,0.0,54.0,6.0,5.0,4.0,5.0,17.0,90.0,0.0,0.0,0.0
311,Sione Takitaki,LB,0.0,5.0,2.0,0.0,0.0,0.0,0.0,0.0,0.0,0.0,0.0,1.0,0.0,1.0,5.0,0.0,36.0,4.5,6.0,4.0,12.0,17.0,71.0,0.0,0.0,0.0
312,Danny Johnson,CB,0.0,2.0,0.0,0.0,0.0,0.0,0.0,1.0,0.0,0.0,9.0,1.0,0.0,1.0,2.0,0.0,20.0,0.0,0.0,1.0,2.0,11.0,29.0,0.0,0.0,0.0
313,Mike Edwards,S,34.0,5.0,1.5,0.0,0.0,0.0,0.0,1.0,0.0,0.0,3.0,2.0,0.0,1.0,5.0,0.0,52.0,2.0,3.0,3.0,6.0,17.0,82.0,0.0,0.0,0.0
314,Carlos Davis,DT,0.0,8.0,0.0,0.0,0.0,0.0,0.0,0.0,0.0,0.0,0.0,1.0,0.0,1.0,8.0,0.0,1.0,0.0,0.0,1.0,8.0,1.0,1.0,0.0,0.0,0.0
315,Jonathan Ledbetter,DE,0.0,7.0,1.0,0.0,0.0,0.0,0.0,0.0,0.0,0.0,0.0,2.0,0.0,1.0,7.0,0.0,10.0,4.0,1.0,2.0,7.0,17.0,22.0,0.0,0.0,0.0
316,Jerry Tillery,DT,0.0,7.0,0.0,0.0,0.0,0.0,0.0,0.0,0.0,0.0,0.0,4.0,0.0,1.0,7.0,0.0,13.0,1.0,0.0,0.0,0.0,16.0,18.0,0.0,0.0,0.0
317,Neville Gallimore,DT,0.0,9.0,2.0,0.0,0.0,0.0,0.0,0.0,0.0,0.0,1.0,1.0,0.0,1.0,9.0,0.0,16.0,2.0,2.0,2.0,11.0,17.0,33.0,0.0,0.0,0.0
318,Marquise Copeland,DT,0.0,0.0,2.5,0.0,0.0,0.0,0.0,0.0,0.0,0.0,0.0,2.0,0.0,1.0,0.0,0.0,16.0,4.0,5.0,2.0,5.0,17.0,31.0,0.0,0.0,0.0
319,Tae Crowder,LB,0.0,8.0,3.0,0.0,0.0,0.0,0.0,0.0,0.0,0.0,1.0,2.0,0.0,1.0,8.0,0.0,26.0,3.0,9.0,3.0,11.0,16.0,45.0,0.0,0.0,0.0
320,Isaiah Oliver,CB,27.0,7.0,1.0,0.0,0.0,0.0,0.0,1.0,0.0,0.0,7.0,2.0,0.0,1.0,7.0,0.0,25.0,0.5,1.0,3.0,12.0,17.0,37.0,0.0,0.0,0.0
321,Broderick Washington,DT,0.0,8.0,3.0,0.0,0.0,0.0,0.0,0.0,0.0,0.0,6.0,4.0,0.0,1.0,8.0,0.0,25.0,4.0,3.0,2.0,8.0,17.0,49.0,0.0,0.0,0.0
322,Joe Gaziano,DE,0.0,6.0,0.0,0.0,0.0,0.0,1.0,0.0,0.0,0.0,0.0,1.0,0.0,1.0,6.0,0.0,6.0,1.5,0.0,1.0,6.0,8.0,8.0,0.0,0.0,0.0
323,Juan Thornhill,S,0.0,8.0,2.0,0.0,0.0,0.0,0.0,1.0,0.0,0.0,9.0,2.0,0.0,1.0,8.0,0.0,43.0,1.0,6.0,4.0,14.0,17.0,71.0,0.0,0.0,0.0
324,Tremaine Edmunds,LB,4.0,8.0,2.200000047683716,0.0,0.0,0.0,0.0,1.0,0.0,0.0,7.0,3.0,0.0,1.0,8.0,0.0,66.0,8.5,11.0,6.0,17.0,16.0,102.0,0.0,0.0,0.0
325,Tim Settle,DT,0.0,7.0,2.0,0.0,0.0,0.0,0.0,0.0,0.0,0.0,1.0,2.0,0.0,1.0,7.0,0.0,11.0,5.0,6.0,4.0,8.0,16.0,19.0,0.0,0.0,0.0
326,Justin Reid,S,0.0,0.0,0.0,0.0,0.0,0.0,0.0,0.0,0.0,0.0,0.0,0.0,0.0,0.0,0.0,0.0,0.0,0.0,0.0,0.0,0.0,0.0,0.0,0.0,0.0,17.0
327,Casey Toohill,DE,0.0,0.0,1.5,0.0,0.0,0.0,0.0,0.0,0.0,0.0,0.0,6.0,0.0,1.0,0.0,0.0,13.0,4.5,3.0,2.0,3.0,17.0,25.0,0.0,0.0,0.0
328,Demetrius Flannigan-Fowles,LB,0.0,10.0,0.0,0.0,0.0,0.0,0.0,0.0,0.0,0.0,0.0,1.0,0.0,1.0,10.0,0.0,13.0,1.0,0.0,1.0,10.0,17.0,22.0,0.0,0.0,0.0
329,Rasul Douglas,CB,0.0,0.0,0.0,0.0,0.0,0.0,0.0,0.0,0.0,0.0,0.0,0.0,0.0,1.0,0.0,0.0,0.0,0.0,0.0,0.0,0.0,0.0,0.0,0.0,0.0,17.0
330,Jake Hansen,LB,0.0,6.0,1.0,0.0,0.0,0.0,0.0,0.0,0.0,0.0,0.0,2.0,0.0,1.0,6.0,0.0,15.0,2.5,1.0,2.0,6.0,17.0,25.0,0.0,0.0,0.0
331,C.J. Gardner-Johnson,S,9.0,11.0,5.0,0.0,0.0,0.0,0.0,1.0,0.0,0.0,8.0,2.0,0.0,1.0,11.0,0.0,61.0,4.5,20.0,5.0,21.0,17.0,67.0,0.0,0.0,0.0
332,Tyrel Dodson,LB,0.0,3.0,0.0,0.0,0.0,0.0,0.0,0.0,0.0,0.0,0.0,1.0,0.0,1.0,3.0,0.0,22.0,2.0,0.0,1.0,3.0,16.0,32.0,0.0,0.0,0.0
333,Derrick Brown,DT,0.0,2.5,1.2000000476837158,0.0,0.0,0.0,0.0,1.0,0.0,0.0,7.0,12.0,0.0,1.0,2.5,0.0,30.0,11.5,6.0,5.0,5.0,17.0,67.0,0.0,0.0,0.0
334,Julian Blackmon,S,17.0,0.0,1.5,0.0,0.0,0.0,0.0,1.0,0.0,0.0,2.0,1.0,0.0,1.0,0.0,0.0,36.0,2.5,3.0,2.0,10.0,17.0,50.0,0.0,0.0,0.0
335,Krys Barnes,LB,0.0,0.0,0.0,0.0,0.0,0.0,0.0,0.0,0.0,0.0,0.0,1.0,0.0,1.0,0.0,0.0,17.0,0.0,0.0,0.0,0.0,17.0,29.0,0.0,0.0,0.0
336,Chauncey Golston,DE,0.0,2.0,2.0,0.0,0.0,0.0,0.0,0.0,0.0,0.0,1.0,2.0,0.0,1.0,2.0,0.0,13.0,3.0,2.0,2.0,2.0,17.0,22.0,0.0,0.0,0.0
337,Tomon Fox,LB,0.0,0.0,2.0,0.0,0.0,0.0,0.0,0.0,0.0,0.0,0.0,1.0,0.0,1.0,0.0,0.0,15.0,4.5,6.0,3.0,6.0,17.0,24.0,0.0,0.0,0.0
338,Ross Blacklock,DT,0.0,9.0,1.0,0.0,0.0,0.0,0.0,0.0,0.0,0.0,0.0,1.0,0.0,1.0,9.0,0.0,2.0,1.0,1.0,2.0,10.0,17.0,2.0,0.0,0.0,0.0
339,Malcolm Roach,DE,0.0,3.0,1.0,0.0,0.0,0.0,0.0,0.0,0.0,0.0,0.0,2.0,0.0,1.0,3.0,0.0,14.0,3.0,1.0,2.0,3.0,17.0,26.0,0.0,0.0,0.0
340,Roy Lopez,DT,0.0,7.0,1.7999999523162842,0.0,0.0,0.0,0.0,0.0,0.0,0.0,1.0,3.0,0.0,1.0,7.0,1.0,20.0,8.0,9.0,6.0,14.0,17.0,36.0,0.0,0.0,0.0
341,JuJu Hughes,S,0.0,5.0,1.0,0.0,0.0,0.0,0.0,0.0,0.0,0.0,0.0,1.0,0.0,1.0,5.0,0.0,14.0,1.0,1.0,2.0,6.0,9.0,18.0,0.0,0.0,0.0
342,Raekwon Davis,DT,0.0,7.0,0.0,0.0,0.0,0.0,0.0,0.0,0.0,0.0,0.0,2.0,0.0,1.0,7.0,0.0,13.0,5.0,0.0,1.0,7.0,17.0,33.0,0.0,0.0,0.0
343,Terrell Lewis,LB,0.0,4.0,1.0,0.0,0.0,0.0,0.0,1.0,0.0,0.0,2.0,3.0,0.0,1.0,4.0,0.0,9.0,1.0,1.0,2.0,5.0,14.0,13.0,0.0,0.0,0.0
344,Trysten Hill,DT,0.0,8.0,2.0,0.0,0.0,0.0,0.0,0.0,0.0,0.0,0.0,5.0,0.0,1.0,8.0,0.0,10.0,4.0,8.0,5.0,14.0,17.0,12.0,0.0,0.0,0.0
345,Jordyn Brooks,LB,0.0,10.0,2.5,0.0,0.0,0.0,0.0,0.0,0.0,0.0,5.0,3.0,0.0,1.0,10.0,0.0,103.0,8.0,5.0,3.0,15.0,17.0,161.0,0.0,0.0,0.0
346,Jeremy Chinn,S,0.0,11.0,2.0,0.0,0.0,0.0,0.0,0.0,0.0,0.0,6.0,1.0,0.0,1.0,11.0,0.0,51.0,2.5,2.0,2.0,11.0,17.0,70.0,0.0,0.0,0.0
347,Zech McPhearson,CB,0.0,11.0,0.0,0.0,0.0,0.0,0.0,0.0,0.0,0.0,1.0,1.0,0.0,1.0,11.0,0.0,12.0,0.0,0.0,1.0,11.0,17.0,14.0,0.0,0.0,0.0
348,Julian Love,S,22.0,9.0,1.7999999523162842,0.0,0.0,0.0,0.0,1.0,0.0,0.0,5.0,1.0,0.0,1.0,9.0,0.0,79.0,3.0,9.0,6.0,18.0,17.0,124.0,0.0,0.0,0.0
349,Naquan Jones,DT,0.0,1.0,1.0,0.0,0.0,0.0,0.0,0.0,0.0,0.0,0.0,2.0,0.0,1.0,1.0,0.0,6.0,1.5,1.0,2.0,1.0,17.0,16.0,0.0,0.0,0.0
350,Tyler Hall,CB,0.0,11.0,2.0,0.0,0.0,0.0,0.0,0.0,0.0,0.0,4.0,1.0,0.0,1.0,11.0,0.0,12.0,1.5,2.0,2.0,13.0,8.0,20.0,0.0,0.0,0.0
351,Tershawn Wharton,DT,0.0,8.0,0.0,0.0,0.0,0.0,0.0,0.0,0.0,0.0,0.0,4.0,0.0,1.0,8.0,0.0,4.0,0.5,0.0,1.0,8.0,17.0,8.0,0.0,0.0,0.0
352,Kenny Moore II,CB,0.0,7.0,4.0,0.0,0.0,0.0,0.0,0.0,0.0,0.0,4.0,1.0,0.0,1.0,7.0,0.0,50.0,5.0,12.0,4.0,19.0,17.0,65.0,0.0,0.0,0.0
353,Amik Robertson,CB,3.5,1.0,1.0,0.0,0.0,0.0,0.0,1.0,0.0,0.0,9.0,0.0,0.0,1.0,1.0,0.0,29.0,1.0,1.0,2.0,1.0,17.0,38.0,0.0,0.0,0.0
354,Nate Hobbs,CB,0.0,7.0,3.5,0.0,0.0,0.0,0.0,0.0,0.0,0.0,4.0,1.0,0.0,1.0,7.0,0.0,57.0,2.0,7.0,3.0,14.0,17.0,72.0,0.0,0.0,0.0
355,Jalen Pitre,S,0.0,0.0,0.0,0.0,0.0,0.0,0.0,0.0,0.0,0.0,0.0,0.0,0.0,1.0,0.0,0.0,0.0,0.0,0.0,0.0,0.0,0.0,0.0,0.0,0.0,17.0
356,Kenneth Murray Jr.,LB,16.0,8.0,2.3329999446868896,0.0,0.0,0.0,0.0,1.0,0.0,0.0,3.0,4.0,0.0,1.0,8.0,0.0,50.0,8.5,14.0,7.0,21.0,17.0,76.0,0.0,0.0,0.0
357,Isaiah Thomas,DE,0.0,9.0,0.0,0.0,0.0,0.0,0.0,0.0,0.0,0.0,2.0,2.0,0.0,1.0,9.0,0.0,4.0,1.0,0.0,1.0,9.0,17.0,9.0,0.0,0.0,0.0
358,Malcolm Rodriguez,LB,0.0,8.0,1.8569999933242798,0.0,0.0,0.0,0.0,0.0,0.0,0.0,2.0,3.0,0.0,1.0,8.0,0.0,62.0,10.0,13.0,8.0,16.0,17.0,87.0,0.0,0.0,0.0
359,Isaiah Buggs,DE,0.0,5.0,0.0,0.0,0.0,0.0,0.0,0.0,0.0,0.0,2.0,10.0,0.0,1.0,5.0,0.0,21.0,4.5,0.0,0.0,0.0,17.0,46.0,0.0,0.0,0.0
360,Xavier McKinney,S,0.0,8.0,2.0,0.0,0.0,0.0,0.0,0.0,0.0,0.0,5.0,1.0,0.0,1.0,8.0,0.0,29.0,1.0,2.0,2.0,8.0,17.0,45.0,0.0,0.0,0.0
361,Kamren Curl,S,0.0,0.0,2.1670000553131104,0.0,0.0,0.0,0.0,0.0,0.0,0.0,0.0,0.0,0.0,1.0,0.0,0.0,58.0,5.5,13.0,6.0,10.0,17.0,83.0,0.0,0.0,0.0
362,K'Lavon Chaisson,LB,0.0,9.0,0.0,0.0,0.0,0.0,0.0,0.0,0.0,0.0,0.0,2.0,0.0,1.0,9.0,0.0,7.0,1.5,0.0,1.0,9.0,17.0,10.0,0.0,0.0,0.0
363,Matt Henningsen,DE,0.0,7.0,2.0,0.0,0.0,0.0,0.0,0.0,0.0,0.0,0.0,1.0,0.0,1.0,7.0,0.0,8.0,2.5,2.0,2.0,7.0,17.0,21.0,0.0,0.0,0.0
364,Deommodore Lenoir,CB,8.0,9.0,2.5999999046325684,0.0,0.0,0.0,0.0,1.0,0.0,0.0,5.0,2.0,0.0,1.0,9.0,0.0,54.0,2.5,13.0,6.0,19.0,17.0,79.0,0.0,0.0,0.0
365,Mykal Walker,LB,16.5,9.0,4.666999816894531,0.0,0.0,0.0,0.0,1.0,0.0,0.0,6.0,1.0,0.0,1.0,9.0,0.0,56.0,3.0,14.0,4.0,23.0,17.0,107.0,0.0,0.0,0.0
366,Marlon Tuipulotu,DT,0.0,6.0,0.0,0.0,0.0,0.0,0.0,0.0,0.0,0.0,0.0,2.0,0.0,1.0,6.0,0.0,8.0,0.5,0.0,1.0,6.0,17.0,16.0,0.0,0.0,0.0
367,DeAngelo Malone,LB,0.0,9.0,3.0,0.0,0.0,0.0,0.0,0.0,0.0,0.0,0.0,2.0,0.0,1.0,9.0,0.0,18.0,3.5,9.0,4.0,17.0,17.0,29.0,0.0,0.0,0.0
368,Zyon Gilbert,CB,0.0,10.0,0.0,0.0,0.0,0.0,0.0,0.0,0.0,0.0,0.0,1.0,0.0,1.0,10.0,0.0,10.0,1.0,0.0,1.0,10.0,3.0,14.0,0.0,0.0,0.0
369,Bryan Cook,S,0.0,5.0,0.0,0.0,0.0,0.0,0.0,0.0,0.0,0.0,2.0,2.0,0.0,1.0,5.0,0.0,22.0,0.0,0.0,1.0,5.0,17.0,33.0,0.0,0.0,0.0
370,Quentin Lake,S,0.0,1.0,0.0,0.0,0.0,0.0,0.0,0.0,0.0,0.0,1.0,0.0,0.0,1.0,1.0,0.0,8.0,0.0,0.0,1.0,1.0,17.0,10.0,0.0,0.0,0.0
371,Kurt Hinish,DT,0.0,4.0,3.0,0.0,0.0,0.0,0.0,0.0,0.0,0.0,0.0,2.0,0.0,1.0,4.0,0.0,11.0,9.5,12.0,6.0,12.0,17.0,23.0,0.0,0.0,0.0
372,Isaiah Pola-Mao,S,0.0,9.0,2.0,0.0,0.0,0.0,0.0,0.0,0.0,0.0,0.0,2.0,0.0,1.0,9.0,0.0,14.0,0.0,2.0,2.0,11.0,12.0,20.0,0.0,0.0,0.0
373,Derrick Barnes,LB,0.0,8.0,1.0,0.0,0.0,0.0,0.0,0.0,0.0,0.0,1.0,1.0,0.0,1.0,8.0,0.0,27.0,5.0,2.0,3.0,9.0,17.0,47.0,0.0,0.0,0.0
374,Jonathan Owens,S,0.0,0.0,0.0,0.0,0.0,0.0,0.0,0.0,0.0,0.0,4.0,1.0,0.0,1.0,0.0,0.0,84.0,2.5,0.0,0.0,0.0,17.0,125.0,0.0,0.0,0.0
375,Dennis Gardeck,LB,24.0,8.0,1.0,0.0,0.0,0.0,0.0,1.0,0.0,0.0,1.0,4.0,0.0,1.0,8.0,0.0,22.0,1.5,1.0,2.0,8.0,17.0,31.0,0.0,0.0,0.0
376,Alim McNeill,DT,0.0,8.0,1.2000000476837158,0.0,0.0,0.0,0.0,0.0,0.0,0.0,0.0,7.0,0.0,1.0,8.0,0.0,17.0,10.0,6.0,6.0,11.0,17.0,41.0,0.0,0.0,0.0
377,Andre Cisco,S,24.0,8.0,0.0,0.0,0.0,0.0,0.0,1.0,0.0,0.0,10.0,1.0,0.0,1.0,8.0,0.0,49.0,0.5,0.0,1.0,8.0,17.0,73.0,0.0,0.0,0.0
378,Travis Jones,DT,0.0,6.0,0.0,0.0,0.0,0.0,0.0,0.0,0.0,0.0,1.0,2.0,0.0,1.0,6.0,0.0,14.0,0.0,0.0,1.0,6.0,17.0,24.0,0.0,0.0,0.0
379,Jerry Jacobs,CB,38.0,9.0,3.3329999446868896,0.0,0.0,0.0,0.0,1.0,0.0,0.0,8.0,1.0,0.0,1.0,9.0,0.0,37.0,2.0,10.0,4.0,12.0,17.0,42.0,0.0,0.0,0.0
380,Cobie Durant,CB,50.33300018310547,7.0,0.0,0.0,0.0,0.0,0.0,1.0,0.0,0.0,5.0,1.0,0.0,1.0,7.0,0.0,15.0,0.5,0.0,1.0,7.0,17.0,22.0,0.0,0.0,0.0
381,Kyle Dugger,S,18.33300018310547,8.0,2.75,0.0,0.0,0.0,0.0,1.0,0.0,0.0,8.0,2.0,0.0,1.0,8.0,0.0,50.0,3.0,11.0,5.0,19.0,17.0,78.0,0.0,0.0,0.0
382,Trent McDuffie,CB,0.0,12.0,2.0,0.0,0.0,0.0,0.0,0.0,0.0,0.0,7.0,1.0,0.0,1.0,12.0,0.0,28.0,0.5,2.0,1.0,2.0,17.0,44.0,0.0,0.0,0.0
383,Derek Stingley Jr.,CB,9.0,0.0,0.0,0.0,0.0,0.0,0.0,1.0,0.0,0.0,5.0,0.0,0.0,1.0,0.0,0.0,35.0,0.5,0.0,0.0,0.0,17.0,43.0,0.0,0.0,0.0
384,David Ojabo,LB,0.0,5.0,0.0,0.0,0.0,0.0,0.0,0.0,0.0,0.0,0.0,1.0,0.0,1.0,5.0,0.0,1.0,0.0,0.0,0.0,0.0,17.0,1.0,0.0,0.0,0.0
385,Leo Chenal,LB,0.0,1.0,1.0,0.0,0.0,0.0,0.0,0.0,0.0,0.0,0.0,3.0,0.0,1.0,1.0,0.0,19.0,2.5,2.0,3.0,3.0,17.0,35.0,0.0,0.0,0.0
386,Martin Emerson Jr.,CB,0.0,7.0,0.0,0.0,0.0,0.0,0.0,0.0,0.0,0.0,15.0,1.0,0.0,1.0,7.0,0.0,51.0,0.5,0.0,1.0,7.0,17.0,63.0,0.0,0.0,0.0
387,Christian Harris,LB,20.0,7.0,1.7999999523162842,0.0,0.0,0.0,0.0,1.0,0.0,0.0,5.0,3.0,0.0,1.0,7.0,0.0,46.0,8.0,9.0,6.0,9.0,17.0,74.0,0.0,0.0,0.0
388,Tyson Alualu,DE,0.0,6.0,0.0,0.0,0.0,0.0,0.0,0.0,0.0,0.0,1.0,2.0,0.0,0.5,3.0,0.0,5.0,1.5,0.0,0.0,0.0,17.0,13.0,0.0,0.0,0.0
389,Linval Joseph,DT,0.0,6.0,0.0,0.0,0.0,0.0,0.0,0.0,0.0,0.0,0.0,1.0,0.0,0.5,3.0,0.0,8.0,3.0,0.0,0.0,0.0,8.0,20.0,0.0,0.0,0.0
390,Tashaun Gipson Sr.,S,28.200000762939453,5.0,2.0,0.0,0.0,0.0,0.0,1.0,0.0,0.0,8.0,1.0,0.0,0.5,2.5,0.0,43.0,2.0,2.0,1.0,2.0,17.0,61.0,0.0,0.0,0.0
391,Brandon Williams,DT,0.0,14.0,5.0,0.0,0.0,0.0,0.0,0.0,0.0,0.0,0.0,2.0,0.0,0.5,7.0,0.0,1.0,1.0,5.0,1.0,0.0,5.0,2.0,0.0,0.0,0.0
392,Dean Lowry,DE,0.0,6.0,2.0,0.0,0.0,0.0,1.0,0.0,0.0,0.0,1.0,5.0,0.0,0.5,3.0,0.0,23.0,4.5,2.0,1.0,2.0,17.0,43.0,0.0,0.0,0.0
393,Kwon Alexander,LB,0.0,2.0,2.8329999446868896,0.0,0.0,0.0,0.0,0.0,0.0,0.0,1.0,2.0,0.0,0.5,1.0,0.0,42.0,9.0,17.0,6.0,15.0,17.0,69.0,0.0,0.0,0.0
394,Chris Wormley,DT,0.0,6.0,1.6670000553131104,0.0,0.0,0.0,0.0,0.0,0.0,0.0,0.0,1.0,0.0,0.5,3.0,0.0,13.0,5.0,5.0,3.0,4.0,17.0,29.0,0.0,0.0,0.0
395,Cory Littleton,LB,0.0,4.0,4.0,0.0,0.0,0.0,0.0,0.0,0.0,0.0,2.0,2.0,0.0,0.5,2.0,0.0,28.0,4.5,4.0,1.0,4.0,17.0,47.0,0.0,0.0,0.0
396,Shaq Thompson,LB,0.0,0.0,0.0,0.0,0.0,0.0,0.0,0.0,0.0,0.0,0.0,0.0,0.0,0.0,0.0,0.0,0.0,0.0,0.0,0.0,0.0,0.0,0.0,0.0,0.0,17.0
397,John Johnson III,S,0.0,8.0,2.25,0.0,0.0,0.0,0.0,1.0,0.0,0.0,4.0,2.0,0.0,0.5,4.0,0.0,70.0,4.5,9.0,4.0,9.0,17.0,101.0,0.0,0.0,0.0
398,Oren Burks,LB,0.0,5.0,2.0,0.0,0.0,0.0,0.0,0.0,0.0,0.0,1.0,1.0,0.0,0.5,2.5,0.0,15.0,1.0,2.0,1.0,2.0,17.0,38.0,0.0,0.0,0.0
399,Jarrad Davis,LB,0.0,1.0,1.0,0.0,0.0,0.0,0.0,0.0,0.0,0.0,1.0,1.0,0.0,0.5,0.5,0.0,7.0,1.5,1.0,1.0,1.0,5.0,14.0,0.0,0.0,0.0
