,PlayerName,ESPNWidereceiverRating,LongReception,YardReceivingPlays,ReceivingFirstDowns,ReceivingFumbles,ReceivingFumblesLost,ReceivingTargets,ReceivingTouchdowns,ReceivingYards,ReceivingYardsAfterCatch,ReceivingYardsAtCatch,ReceivingYardsPerGame,Receptions,TeamGamesPlayed,TotalOffensivePlays,TotalPointsPerGame,TotalTouchdowns,TotalYards,TotalYardsFromScrimmage,TwoPointReceivingConversion,TwoPointReceptions,TwoPointReceptionAttempts,YardsFromScrimmagePerGame,YardsPerGame,YardsPerReception
0,Justin Jefferson,2729.0,64.0,28.0,80.0,0.0,0.0,184.0,8.0,1809.0,613.0,1196.0,106.4117660522461,128.0,17.0,6.0,3.1764705181121826,9.0,1867.0,1833.0,-1.0,1.0,1.0,107.82353210449219,109.82353210449219,14.133000373840332
1,Tyreek Hill,2550.0,64.0,25.0,77.0,1.0,0.0,170.0,7.0,1710.0,482.0,1228.0,100.5882339477539,119.0,17.0,7.0,3.1764705181121826,9.0,1742.0,1742.0,-1.0,0.0,0.0,102.47058868408203,102.47058868408203,14.369999885559082
2,Davante Adams,2506.0,60.0,24.0,65.0,1.0,0.0,180.0,14.0,1516.0,493.0,1023.0,89.17646789550781,100.0,17.0,4.0,4.941176414489746,14.0,1515.0,1515.0,-1.0,0.0,1.0,89.11764526367188,89.11764526367188,15.15999984741211
3,A.J. Brown,2321.0,78.0,23.0,59.0,2.0,2.0,145.0,11.0,1496.0,548.0,948.0,88.0,88.0,17.0,0.0,3.882352828979492,11.0,1496.0,1496.0,-1.0,0.0,0.0,88.0,88.0,17.0
4,Stefon Diggs,2354.0,53.0,17.0,72.0,1.0,0.0,154.0,11.0,1429.0,419.0,1010.0,89.3125,108.0,16.0,1.0,4.125,11.0,1426.0,1426.0,-1.0,0.0,0.0,89.125,89.125,13.230999946594238
5,CeeDee Lamb,2209.0,39.0,24.0,67.0,0.0,0.0,156.0,9.0,1359.0,486.0,873.0,79.94117736816406,107.0,17.0,10.0,3.1764705181121826,9.0,1406.0,1406.0,-1.0,0.0,0.0,82.70587921142578,82.70587921142578,12.701000213623047
6,Jaylen Waddle,2011.0,84.0,21.0,60.0,1.0,1.0,117.0,8.0,1356.0,510.0,846.0,79.76470947265625,75.0,17.0,3.0,2.8235294818878174,8.0,1382.0,1382.0,-1.0,0.0,1.0,81.29412078857422,81.29412078857422,18.079999923706055
7,Travis Kelce,2308.0,52.0,19.0,78.0,1.0,1.0,152.0,12.0,1338.0,648.0,690.0,78.70587921142578,110.0,17.0,2.0,4.235294342041016,12.0,1343.0,1343.0,-1.0,1.0,1.0,79.0,79.0,12.163999557495117
8,DeVonta Smith,1916.0,45.0,18.0,57.0,1.0,1.0,136.0,7.0,1196.0,476.0,720.0,70.35294342041016,95.0,17.0,0.0,2.470588207244873,7.0,1196.0,1196.0,-1.0,0.0,1.0,70.35294342041016,70.35294342041016,12.58899974822998
9,Terry McLaurin,1751.0,52.0,16.0,56.0,0.0,0.0,120.0,5.0,1191.0,394.0,797.0,70.05882263183594,77.0,17.0,7.0,1.7647058963775635,5.0,1220.0,1220.0,-1.0,0.0,0.0,71.76470947265625,71.76470947265625,15.468000411987305
10,Amon-Ra St. Brown,1901.0,49.0,11.0,68.0,0.0,0.0,146.0,6.0,1161.0,526.0,635.0,72.5625,106.0,17.0,9.0,2.25,6.0,1256.0,1256.0,-1.0,0.0,0.0,78.5,78.5,10.95300006866455
11,Amari Cooper,1865.0,55.0,18.0,61.0,0.0,0.0,132.0,9.0,1160.0,325.0,835.0,68.23529052734375,78.0,17.0,1.0,3.1764705181121826,9.0,1160.0,1160.0,-1.0,0.0,1.0,68.23529052734375,68.23529052734375,14.871999740600586
12,Mike Evans,1719.0,63.0,19.0,53.0,0.0,0.0,127.0,6.0,1124.0,216.0,908.0,74.93333435058594,77.0,17.0,0.0,2.4000000953674316,6.0,1124.0,1124.0,-1.0,0.0,1.0,74.93333435058594,74.93333435058594,14.597000122070312
13,Christian Kirk,1808.0,49.0,18.0,54.0,1.0,1.0,133.0,8.0,1108.0,377.0,731.0,65.17646789550781,84.0,17.0,6.0,2.8235294818878174,8.0,1119.0,1119.0,-1.0,0.0,1.0,65.82353210449219,65.82353210449219,13.1899995803833
14,Garrett Wilson,1658.0,60.0,13.0,56.0,1.0,1.0,147.0,4.0,1103.0,384.0,719.0,64.88235473632812,83.0,17.0,5.0,1.4117647409439087,4.0,1107.0,1107.0,-1.0,0.0,0.0,65.11764526367188,65.11764526367188,13.288999557495117
15,DK Metcalf,1708.0,54.0,11.0,47.0,2.0,2.0,141.0,6.0,1048.0,217.0,831.0,61.64706039428711,90.0,17.0,0.0,2.117647171020508,6.0,1048.0,1048.0,-1.0,0.0,1.0,61.64706039428711,61.64706039428711,11.644000053405762
16,Ja'Marr Chase,1796.0,60.0,13.0,58.0,2.0,2.0,134.0,9.0,1046.0,436.0,610.0,87.16666412353516,87.0,16.0,6.0,4.5,9.0,1054.0,1054.0,-1.0,0.0,0.0,87.83333587646484,87.83333587646484,12.02299976348877
17,Chris Olave,1542.0,53.0,13.0,48.0,2.0,2.0,119.0,4.0,1042.0,210.0,832.0,69.46666717529297,72.0,17.0,0.0,1.600000023841858,4.0,1042.0,1042.0,-1.0,1.0,1.0,69.46666717529297,69.46666717529297,14.472000122070312
18,Tyler Lockett,1768.0,40.0,14.0,50.0,1.0,1.0,117.0,9.0,1033.0,274.0,759.0,64.5625,84.0,17.0,0.0,3.375,9.0,1033.0,1033.0,-1.0,0.0,0.0,64.5625,64.5625,12.29800033569336
19,Tee Higgins,1644.0,59.0,14.0,46.0,0.0,0.0,109.0,7.0,1029.0,286.0,743.0,64.3125,74.0,16.0,0.0,2.625,7.0,1029.0,1029.0,-1.0,1.0,1.0,64.3125,64.3125,13.904999732971191
20,Chris Godwin,1648.0,44.0,10.0,53.0,2.0,2.0,142.0,3.0,1023.0,531.0,492.0,68.19999694824219,104.0,17.0,3.0,1.2000000476837158,3.0,1028.0,1028.0,-1.0,1.0,3.0,68.53333282470703,68.53333282470703,9.836999893188477
21,Brandon Aiyuk,1685.0,54.0,17.0,47.0,1.0,1.0,114.0,8.0,1015.0,388.0,627.0,59.70588302612305,78.0,17.0,2.0,2.8235294818878174,8.0,1038.0,1038.0,-1.0,0.0,0.0,61.05882263183594,61.05882263183594,13.012999534606934
22,Jerry Jeudy,1517.0,67.0,14.0,41.0,0.0,0.0,100.0,6.0,972.0,392.0,580.0,64.80000305175781,67.0,17.0,4.0,2.4000000953674316,6.0,1012.0,1012.0,-1.0,0.0,0.0,67.46666717529297,67.46666717529297,14.506999969482422
23,JuJu Smith-Schuster,1428.0,53.0,9.0,47.0,3.0,2.0,101.0,3.0,933.0,465.0,468.0,58.3125,78.0,17.0,0.0,1.125,3.0,933.0,933.0,-1.0,0.0,1.0,58.3125,58.3125,11.961999893188477
24,Michael Pittman Jr.,1560.0,28.0,8.0,51.0,2.0,1.0,141.0,4.0,925.0,357.0,568.0,57.8125,99.0,17.0,3.0,1.5,4.0,955.0,955.0,-1.0,0.0,1.0,59.6875,59.6875,9.343000411987305
25,T.J. Hockenson,1554.0,81.0,5.0,44.0,1.0,1.0,129.0,6.0,914.0,413.0,501.0,53.764705657958984,86.0,17.0,0.0,2.117647171020508,6.0,914.0,914.0,-1.0,2.0,2.0,53.764705657958984,53.764705657958984,10.628000259399414
26,Mike Williams,1350.0,55.0,11.0,39.0,0.0,0.0,93.0,4.0,895.0,319.0,576.0,68.84615325927734,63.0,17.0,0.0,1.8461538553237915,4.0,895.0,895.0,-1.0,0.0,0.0,68.84615325927734,68.84615325927734,14.206000328063965
27,DJ Moore,1448.0,62.0,17.0,44.0,0.0,0.0,118.0,7.0,888.0,178.0,710.0,52.235294342041016,63.0,17.0,10.0,2.470588207244873,7.0,941.0,941.0,-1.0,0.0,0.0,55.35293960571289,55.35293960571289,14.095000267028809
28,Diontae Johnson,1312.0,37.0,7.0,45.0,1.0,0.0,147.0,0.0,882.0,235.0,647.0,51.882354736328125,86.0,17.0,7.0,0.0,0.0,907.0,907.0,-1.0,2.0,2.0,53.35293960571289,53.35293960571289,10.255999565124512
29,Drake London,1366.0,40.0,10.0,48.0,3.0,3.0,117.0,4.0,866.0,231.0,635.0,50.94117736816406,72.0,17.0,0.0,1.4117647409439087,4.0,866.0,866.0,-1.0,1.0,1.0,50.94117736816406,50.94117736816406,12.027999877929688
30,Mark Andrews,1387.0,36.0,7.0,48.0,1.0,0.0,113.0,5.0,847.0,243.0,604.0,56.46666717529297,73.0,17.0,3.0,2.0,5.0,855.0,855.0,-1.0,1.0,1.0,57.0,57.0,11.602999687194824
31,Donovan Peoples-Jones,1249.0,42.0,14.0,33.0,1.0,1.0,96.0,3.0,839.0,191.0,648.0,49.35293960571289,61.0,17.0,1.0,1.058823585510254,3.0,841.0,841.0,-1.0,0.0,0.0,49.47058868408203,49.47058868408203,13.753999710083008
32,Gabe Davis,1321.0,98.0,11.0,35.0,1.0,1.0,93.0,7.0,836.0,146.0,690.0,55.733333587646484,48.0,16.0,0.0,2.799999952316284,7.0,836.0,836.0,-1.0,0.0,0.0,55.733333587646484,55.733333587646484,17.41699981689453
33,Courtland Sutton,1219.0,51.0,11.0,38.0,0.0,0.0,109.0,2.0,829.0,152.0,677.0,55.266666412353516,64.0,17.0,1.0,0.800000011920929,2.0,834.0,834.0,-1.0,0.0,0.0,55.599998474121094,55.599998474121094,12.95300006866455
34,Zay Jones,1408.0,59.0,7.0,44.0,0.0,0.0,121.0,5.0,823.0,271.0,552.0,51.4375,82.0,17.0,4.0,1.875,5.0,841.0,841.0,-1.0,1.0,1.0,52.5625,52.5625,10.036999702453613
35,Cooper Kupp,1397.0,75.0,11.0,42.0,2.0,1.0,98.0,6.0,812.0,422.0,390.0,90.22222137451172,75.0,17.0,10.0,4.666666507720947,7.0,864.0,864.0,-1.0,0.0,0.0,96.0,96.0,10.82699966430664
36,Jakobi Meyers,1349.0,48.0,14.0,38.0,1.0,1.0,96.0,6.0,804.0,238.0,566.0,57.42856979370117,67.0,17.0,2.0,2.5714285373687744,6.0,793.0,793.0,-1.0,1.0,2.0,56.64285659790039,56.64285659790039,12.0
37,George Pickens,1201.0,42.0,17.0,38.0,0.0,0.0,84.0,4.0,801.0,104.0,697.0,47.117645263671875,52.0,17.0,3.0,1.7647058963775635,5.0,825.0,825.0,-1.0,1.0,1.0,48.52941131591797,48.52941131591797,15.404000282287598
38,Allen Lazard,1298.0,47.0,13.0,45.0,0.0,0.0,100.0,6.0,788.0,248.0,540.0,52.53333282470703,60.0,17.0,2.0,2.4000000953674316,6.0,788.0,788.0,-1.0,0.0,1.0,52.53333282470703,52.53333282470703,13.133000373840332
39,Joshua Palmer,1234.0,50.0,7.0,39.0,1.0,0.0,107.0,3.0,769.0,255.0,514.0,48.0625,72.0,17.0,1.0,1.125,3.0,773.0,773.0,-1.0,1.0,1.0,48.3125,48.3125,10.680999755859375
40,Evan Engram,1271.0,36.0,10.0,33.0,0.0,0.0,98.0,4.0,766.0,465.0,301.0,45.05882263183594,73.0,17.0,2.0,1.4117647409439087,4.0,779.0,779.0,-1.0,1.0,3.0,45.82352828979492,45.82352828979492,10.493000030517578
41,George Kittle,1450.0,54.0,12.0,36.0,1.0,1.0,86.0,11.0,765.0,382.0,383.0,51.0,60.0,17.0,0.0,4.400000095367432,11.0,765.0,765.0,-1.0,0.0,0.0,51.0,51.0,12.75
42,Tyler Boyd,1227.0,60.0,10.0,41.0,0.0,0.0,82.0,5.0,762.0,249.0,513.0,47.625,58.0,16.0,2.0,1.875,5.0,785.0,762.0,-1.0,1.0,2.0,47.625,49.0625,13.137999534606934
43,Keenan Allen,1222.0,46.0,7.0,39.0,1.0,1.0,89.0,4.0,752.0,263.0,489.0,75.19999694824219,66.0,17.0,1.0,2.4000000953674316,4.0,760.0,760.0,-1.0,0.0,0.0,76.0,76.0,11.394000053405762
44,Christian McCaffrey,1341.0,49.0,8.0,36.0,0.0,0.0,108.0,5.0,741.0,695.0,46.0,43.588233947753906,85.0,17.0,245.0,4.588235378265381,14.0,1914.0,1880.0,-1.0,0.0,0.0,110.5882339477539,112.5882339477539,8.718000411987305
45,Pat Freiermuth,1117.0,57.0,9.0,37.0,0.0,0.0,98.0,2.0,732.0,291.0,441.0,45.75,63.0,17.0,0.0,0.75,2.0,732.0,732.0,-1.0,0.0,0.0,45.75,45.75,11.619000434875488
46,Darius Slayton,1024.0,55.0,12.0,30.0,2.0,1.0,71.0,2.0,724.0,262.0,462.0,45.25,46.0,17.0,0.0,0.75,2.0,724.0,724.0,-1.0,0.0,0.0,45.25,45.25,15.73900032043457
47,Austin Ekeler,1432.0,23.0,4.0,36.0,2.0,1.0,127.0,5.0,722.0,857.0,-135.0,42.47058868408203,107.0,17.0,204.0,6.352941036224365,18.0,1637.0,1637.0,-1.0,0.0,0.0,96.29412078857422,96.29412078857422,6.748000144958496
48,DeAndre Hopkins,1142.0,33.0,8.0,35.0,2.0,1.0,96.0,3.0,717.0,165.0,552.0,79.66666412353516,64.0,17.0,0.0,2.0,3.0,717.0,717.0,-1.0,0.0,2.0,79.66666412353516,79.66666412353516,11.20300006866455
49,Adam Thielen,1276.0,36.0,7.0,45.0,0.0,0.0,107.0,6.0,716.0,152.0,564.0,42.117645263671875,70.0,17.0,1.0,2.117647171020508,6.0,720.0,720.0,-1.0,1.0,2.0,42.35293960571289,42.35293960571289,10.229000091552734
50,Marquise Brown,1149.0,47.0,9.0,33.0,1.0,0.0,107.0,3.0,709.0,236.0,473.0,59.08333206176758,67.0,17.0,1.0,1.5,3.0,710.0,710.0,-1.0,0.0,0.0,59.16666793823242,59.16666793823242,10.581999778747559
51,Dallas Goedert,1082.0,31.0,11.0,40.0,1.0,1.0,69.0,3.0,702.0,420.0,282.0,58.5,55.0,17.0,0.0,1.5,3.0,702.0,702.0,-1.0,0.0,0.0,58.5,58.5,12.763999938964844
52,Brandin Cooks,1089.0,44.0,13.0,29.0,0.0,0.0,93.0,3.0,699.0,205.0,494.0,53.769229888916016,57.0,17.0,2.0,1.384615421295166,3.0,706.0,706.0,-1.0,0.0,0.0,54.30769348144531,54.30769348144531,12.262999534606934
53,Mack Hollins,1115.0,60.0,9.0,34.0,0.0,0.0,94.0,4.0,690.0,196.0,494.0,40.588233947753906,57.0,17.0,5.0,1.4117647409439087,4.0,734.0,730.0,-1.0,0.0,0.0,42.94117736816406,43.17647171020508,12.104999542236328
54,Marquez Valdes-Scantling,967.0,57.0,13.0,32.0,0.0,0.0,81.0,2.0,687.0,149.0,538.0,40.411766052246094,42.0,17.0,1.0,0.7058823704719543,2.0,684.0,684.0,-1.0,0.0,0.0,40.235294342041016,40.235294342041016,16.35700035095215
55,Curtis Samuel,1116.0,49.0,10.0,36.0,0.0,0.0,92.0,4.0,656.0,289.0,367.0,38.588233947753906,64.0,17.0,38.0,1.7647058963775635,5.0,843.0,843.0,-1.0,0.0,1.0,49.588233947753906,49.588233947753906,10.25
56,K.J. Osborn,1125.0,66.0,6.0,32.0,1.0,0.0,90.0,5.0,650.0,300.0,350.0,38.235294342041016,60.0,17.0,3.0,1.7647058963775635,5.0,656.0,656.0,-1.0,0.0,0.0,38.588233947753906,38.588233947753906,10.833000183105469
57,Deebo Samuel,982.0,57.0,7.0,25.0,0.0,0.0,94.0,2.0,632.0,493.0,139.0,48.61538314819336,56.0,17.0,42.0,2.307692289352417,5.0,864.0,864.0,-1.0,0.0,0.0,66.46154022216797,66.46154022216797,11.28600025177002
58,David Njoku,1058.0,38.0,8.0,36.0,1.0,1.0,80.0,4.0,628.0,338.0,290.0,44.85714340209961,58.0,17.0,2.0,1.7142857313156128,4.0,620.0,620.0,-1.0,0.0,0.0,44.28571319580078,44.28571319580078,10.82800006866455
59,Parris Campbell,1043.0,49.0,7.0,32.0,1.0,0.0,91.0,3.0,623.0,276.0,347.0,36.64706039428711,63.0,17.0,5.0,1.058823585510254,3.0,681.0,681.0,-1.0,0.0,1.0,40.05882263183594,40.05882263183594,9.888999938964844
60,Tyler Higbee,1085.0,26.0,4.0,32.0,0.0,0.0,108.0,3.0,620.0,404.0,216.0,36.47058868408203,72.0,17.0,0.0,1.058823585510254,3.0,620.0,620.0,-1.0,0.0,0.0,36.47058868408203,36.47058868408203,8.611000061035156
61,Kalif Raymond,851.0,56.0,10.0,24.0,1.0,1.0,64.0,0.0,616.0,218.0,398.0,36.235294342041016,47.0,17.0,7.0,0.0,0.0,652.0,652.0,-1.0,0.0,0.0,38.35293960571289,38.35293960571289,13.105999946594238
62,Christian Watson,1061.0,63.0,8.0,28.0,0.0,0.0,66.0,7.0,611.0,276.0,335.0,43.64285659790039,41.0,17.0,7.0,3.857142925262451,9.0,691.0,691.0,-1.0,0.0,0.0,49.35714340209961,49.35714340209961,14.902000427246094
63,Alec Pierce,868.0,47.0,8.0,28.0,1.0,0.0,78.0,2.0,593.0,113.0,480.0,37.0625,41.0,17.0,0.0,0.75,2.0,593.0,593.0,-1.0,0.0,0.0,37.0625,37.0625,14.463000297546387
64,Dalton Schultz,1037.0,30.0,5.0,27.0,1.0,1.0,89.0,5.0,577.0,204.0,373.0,38.46666717529297,57.0,17.0,0.0,2.0,5.0,577.0,577.0,-1.0,0.0,0.0,38.46666717529297,38.46666717529297,10.123000144958496
65,Richie James,994.0,33.0,3.0,29.0,0.0,0.0,70.0,4.0,569.0,176.0,393.0,33.47058868408203,57.0,17.0,2.0,1.4117647409439087,4.0,575.0,575.0,-1.0,0.0,0.0,33.82352828979492,33.82352828979492,9.982000350952148
66,Noah Brown,875.0,51.0,6.0,25.0,1.0,1.0,74.0,3.0,555.0,128.0,427.0,34.6875,43.0,17.0,0.0,1.125,3.0,555.0,555.0,-1.0,0.0,1.0,34.6875,34.6875,12.906999588012695
67,Gerald Everett,985.0,26.0,4.0,29.0,0.0,0.0,87.0,4.0,555.0,326.0,229.0,34.6875,58.0,17.0,1.0,1.5,4.0,555.0,555.0,-1.0,1.0,1.0,34.6875,34.6875,9.569000244140625
68,Tyler Conklin,947.0,30.0,6.0,25.0,2.0,0.0,87.0,3.0,552.0,291.0,261.0,32.47058868408203,58.0,17.0,2.0,1.058823585510254,3.0,555.0,555.0,-1.0,0.0,0.0,32.64706039428711,32.64706039428711,9.517000198364258
69,Chris Moore,858.0,52.0,9.0,24.0,0.0,0.0,74.0,2.0,548.0,263.0,285.0,34.25,48.0,17.0,3.0,0.75,2.0,551.0,551.0,-1.0,0.0,0.0,34.4375,34.4375,11.416999816894531
70,Cole Kmet,1039.0,50.0,6.0,27.0,1.0,0.0,69.0,7.0,544.0,286.0,258.0,32.0,50.0,17.0,2.0,2.470588207244873,7.0,553.0,553.0,-1.0,0.0,1.0,32.52941131591797,32.52941131591797,10.880000114440918
71,DeVante Parker,799.0,43.0,10.0,25.0,0.0,0.0,47.0,3.0,539.0,105.0,434.0,41.46154022216797,31.0,17.0,0.0,1.384615421295166,3.0,539.0,539.0,-1.0,0.0,0.0,41.46154022216797,41.46154022216797,17.386999130249023
72,DeAndre Carter,873.0,35.0,10.0,29.0,1.0,1.0,65.0,3.0,538.0,206.0,332.0,31.647058486938477,46.0,17.0,2.0,1.058823585510254,3.0,523.0,523.0,-1.0,0.0,0.0,30.764705657958984,30.764705657958984,11.696000099182129
73,Corey Davis,766.0,66.0,7.0,28.0,0.0,0.0,64.0,2.0,536.0,109.0,427.0,41.230770111083984,32.0,17.0,0.0,0.9230769276618958,2.0,536.0,536.0,-1.0,0.0,0.0,41.230770111083984,41.230770111083984,16.75
74,Olamide Zaccheaus,838.0,45.0,9.0,25.0,1.0,1.0,61.0,3.0,533.0,189.0,344.0,31.352941513061523,40.0,17.0,2.0,1.058823585510254,3.0,540.0,540.0,-1.0,0.0,0.0,31.764705657958984,31.764705657958984,13.324999809265137
75,Marvin Jones Jr.,864.0,37.0,6.0,30.0,0.0,0.0,81.0,3.0,529.0,95.0,434.0,33.0625,46.0,17.0,0.0,1.125,3.0,529.0,529.0,-1.0,0.0,0.0,33.0625,33.0625,11.5
76,Robert Woods,862.0,41.0,3.0,31.0,0.0,0.0,91.0,2.0,527.0,156.0,371.0,31.0,53.0,17.0,0.0,0.7058823704719543,2.0,527.0,527.0,-1.0,0.0,0.0,31.0,31.0,9.942999839782715
77,Leonard Fournette,993.0,44.0,3.0,26.0,0.0,0.0,83.0,3.0,523.0,563.0,-40.0,32.6875,73.0,17.0,190.0,2.25,6.0,1191.0,1191.0,-1.0,0.0,0.0,74.4375,74.4375,7.164000034332275
78,Jahan Dotson,943.0,61.0,10.0,26.0,0.0,0.0,61.0,7.0,523.0,137.0,386.0,43.58333206176758,35.0,17.0,2.0,3.5,7.0,516.0,516.0,-1.0,1.0,2.0,43.0,43.0,14.942999839782715
79,Dawson Knox,967.0,45.0,8.0,25.0,0.0,0.0,65.0,6.0,517.0,193.0,324.0,34.46666717529297,48.0,16.0,0.0,2.4000000953674316,6.0,517.0,517.0,-1.0,0.0,0.0,34.46666717529297,34.46666717529297,10.770999908447266
80,Jerick McKinnon,1107.0,56.0,6.0,28.0,1.0,1.0,71.0,9.0,512.0,541.0,-29.0,30.117647171020508,56.0,17.0,72.0,3.529411792755127,10.0,803.0,803.0,-1.0,1.0,1.0,47.235294342041016,47.235294342041016,9.142999649047852
81,Hunter Henry,784.0,39.0,10.0,23.0,0.0,0.0,59.0,2.0,509.0,203.0,306.0,29.941177368164062,41.0,17.0,0.0,0.7058823704719543,2.0,509.0,509.0,-1.0,0.0,0.0,29.941177368164062,29.941177368164062,12.414999961853027
82,Juwan Johnson,963.0,41.0,8.0,25.0,0.0,0.0,65.0,7.0,508.0,182.0,326.0,31.75,42.0,17.0,0.0,2.625,7.0,508.0,508.0,-1.0,0.0,0.0,31.75,31.75,12.095000267028809
83,DJ Chark,757.0,51.0,9.0,24.0,0.0,0.0,52.0,3.0,502.0,134.0,368.0,45.6363639831543,30.0,17.0,0.0,1.6363636255264282,3.0,502.0,502.0,-1.0,0.0,0.0,45.6363639831543,45.6363639831543,16.732999801635742
84,Jordan Akins,855.0,46.0,8.0,23.0,1.0,1.0,54.0,5.0,495.0,270.0,225.0,33.0,37.0,15.0,0.0,2.0,5.0,495.0,495.0,-1.0,1.0,2.0,33.0,33.0,13.378000259399414
85,Darnell Mooney,763.0,56.0,7.0,20.0,0.0,0.0,61.0,2.0,493.0,164.0,329.0,41.08333206176758,40.0,17.0,1.0,1.0,2.0,495.0,495.0,-1.0,0.0,1.0,41.25,41.25,12.324999809265137
86,Alvin Kamara,845.0,54.0,3.0,17.0,2.0,2.0,77.0,2.0,490.0,465.0,25.0,32.66666793823242,57.0,17.0,223.0,1.600000023841858,4.0,1387.0,1387.0,-1.0,0.0,0.0,92.46666717529297,92.46666717529297,8.595999717712402
87,Terrace Marshall Jr.,665.0,43.0,10.0,23.0,2.0,0.0,47.0,1.0,490.0,132.0,358.0,35.0,28.0,17.0,0.0,0.4285714328289032,1.0,490.0,490.0,-1.0,0.0,0.0,35.0,35.0,17.5
88,Rashid Shaheed,698.0,68.0,6.0,18.0,1.0,0.0,34.0,2.0,488.0,170.0,318.0,40.66666793823242,28.0,12.0,4.0,1.5,3.0,545.0,545.0,-1.0,0.0,0.0,45.41666793823242,45.41666793823242,17.429000854492188
89,Noah Fant,876.0,51.0,4.0,24.0,0.0,0.0,63.0,4.0,486.0,221.0,265.0,28.58823585510254,50.0,17.0,0.0,1.4117647409439087,4.0,486.0,486.0,-1.0,0.0,0.0,28.58823585510254,28.58823585510254,9.720000267028809
90,Nico Collins,736.0,58.0,8.0,21.0,0.0,0.0,66.0,2.0,481.0,163.0,318.0,48.099998474121094,37.0,17.0,0.0,1.2000000476837158,2.0,481.0,481.0,-1.0,0.0,0.0,48.099998474121094,48.099998474121094,13.0
91,Josh Reynolds,774.0,31.0,8.0,25.0,0.0,0.0,59.0,3.0,479.0,115.0,364.0,34.21428680419922,38.0,17.0,0.0,1.2857142686843872,3.0,479.0,479.0,-1.0,0.0,0.0,34.21428680419922,34.21428680419922,12.604999542236328
92,Robert Tonyan,805.0,24.0,6.0,20.0,0.0,0.0,67.0,2.0,470.0,230.0,240.0,27.647058486938477,53.0,17.0,0.0,0.7058823704719543,2.0,470.0,470.0,-1.0,0.0,0.0,27.647058486938477,27.647058486938477,8.868000030517578
93,Greg Dortch,797.0,47.0,5.0,19.0,0.0,0.0,64.0,2.0,467.0,293.0,174.0,29.1875,52.0,17.0,7.0,0.75,2.0,511.0,511.0,-1.0,0.0,0.0,31.9375,31.9375,8.980999946594238
94,Demarcus Robinson,768.0,31.0,4.0,23.0,2.0,1.0,75.0,2.0,458.0,150.0,308.0,26.941177368164062,48.0,17.0,0.0,0.7058823704719543,2.0,458.0,458.0,-1.0,0.0,0.0,26.941177368164062,26.941177368164062,9.541999816894531
95,Chase Claypool,716.0,31.0,7.0,24.0,1.0,1.0,79.0,1.0,451.0,143.0,308.0,30.066667556762695,46.0,17.0,10.0,0.4000000059604645,2.0,511.0,510.0,-1.0,0.0,0.0,34.0,34.06666564941406,9.803999900817871
96,Chigoziem Okonkwo,715.0,48.0,7.0,22.0,0.0,0.0,46.0,3.0,450.0,254.0,196.0,26.47058868408203,32.0,17.0,3.0,1.058823585510254,3.0,452.0,452.0,-1.0,1.0,1.0,26.58823585510254,26.58823585510254,14.062999725341797
97,Elijah Moore,666.0,42.0,8.0,22.0,1.0,0.0,65.0,1.0,446.0,111.0,335.0,27.875,37.0,17.0,5.0,0.375,1.0,451.0,451.0,-1.0,0.0,0.0,28.1875,28.1875,12.053999900817871
98,Austin Hooper,719.0,24.0,2.0,28.0,0.0,0.0,60.0,2.0,444.0,134.0,310.0,26.117647171020508,41.0,17.0,0.0,0.7058823704719543,2.0,444.0,444.0,-1.0,0.0,0.0,26.117647171020508,26.117647171020508,10.829000473022461
99,Treylon Burks,644.0,51.0,8.0,19.0,0.0,0.0,54.0,1.0,444.0,161.0,283.0,40.3636360168457,33.0,17.0,4.0,1.0909091234207153,2.0,491.0,491.0,-1.0,0.0,0.0,44.6363639831543,44.6363639831543,13.454999923706055
100,Joe Mixon,811.0,35.0,4.0,16.0,0.0,0.0,75.0,2.0,441.0,468.0,-27.0,31.5,60.0,16.0,210.0,3.857142925262451,9.0,1255.0,1255.0,-1.0,0.0,0.0,89.64286041259766,89.64286041259766,7.349999904632568
101,Kendrick Bourne,644.0,41.0,6.0,22.0,2.0,0.0,48.0,1.0,434.0,145.0,289.0,27.125,35.0,17.0,6.0,0.375,1.0,473.0,473.0,-1.0,0.0,0.0,29.5625,29.5625,12.399999618530273
102,Russell Gage,856.0,23.0,3.0,31.0,1.0,1.0,70.0,5.0,426.0,171.0,255.0,32.769229888916016,51.0,17.0,0.0,2.307692289352417,5.0,426.0,426.0,-1.0,1.0,2.0,32.769229888916016,32.769229888916016,8.352999687194824
103,Romeo Doubs,740.0,26.0,7.0,20.0,2.0,1.0,67.0,3.0,425.0,196.0,229.0,32.69230651855469,42.0,17.0,1.0,1.384615421295166,3.0,436.0,436.0,-1.0,0.0,0.0,33.53845977783203,33.53845977783203,10.119000434875488
104,Michael Gallup,759.0,27.0,4.0,25.0,0.0,0.0,74.0,4.0,424.0,107.0,317.0,30.285715103149414,39.0,17.0,0.0,1.7142857313156128,4.0,424.0,424.0,-1.0,0.0,0.0,30.285715103149414,30.285715103149414,10.871999740600586
105,Isaiah McKenzie,773.0,30.0,4.0,27.0,0.0,0.0,65.0,4.0,423.0,128.0,295.0,28.200000762939453,42.0,16.0,9.0,2.0,5.0,478.0,478.0,-1.0,0.0,0.0,31.866666793823242,31.866666793823242,10.071000099182129
106,Rhamondre Stevenson,801.0,40.0,3.0,13.0,2.0,0.0,88.0,1.0,421.0,474.0,-53.0,24.764705657958984,69.0,17.0,210.0,2.117647171020508,6.0,1461.0,1461.0,-1.0,0.0,2.0,85.94117736816406,85.94117736816406,6.10099983215332
107,Foster Moreau,655.0,33.0,7.0,24.0,0.0,0.0,54.0,2.0,420.0,237.0,183.0,28.0,33.0,17.0,0.0,0.800000011920929,2.0,422.0,422.0,-1.0,0.0,0.0,28.133333206176758,28.133333206176758,12.72700023651123
108,Randall Cobb,622.0,40.0,7.0,19.0,1.0,0.0,50.0,1.0,417.0,185.0,232.0,32.07692337036133,34.0,17.0,0.0,0.4615384638309479,1.0,417.0,417.0,-1.0,0.0,0.0,32.07692337036133,32.07692337036133,12.265000343322754
109,Trent Sherfield,637.0,75.0,5.0,18.0,0.0,0.0,51.0,2.0,417.0,145.0,272.0,24.52941131591797,30.0,17.0,0.0,0.7058823704719543,2.0,417.0,417.0,-1.0,0.0,0.0,24.52941131591797,24.52941131591797,13.899999618530273
110,Jauan Jennings,626.0,44.0,3.0,23.0,1.0,0.0,56.0,1.0,416.0,176.0,240.0,26.0,35.0,17.0,0.0,0.375,1.0,416.0,416.0,-1.0,0.0,0.0,26.0,26.0,11.88599967956543
111,Hayden Hurst,744.0,29.0,4.0,26.0,0.0,0.0,68.0,2.0,414.0,192.0,222.0,31.846153259277344,52.0,16.0,0.0,0.9230769276618958,2.0,414.0,414.0,-1.0,0.0,0.0,31.846153259277344,31.846153259277344,7.961999893188477
112,Rondale Moore,654.0,38.0,6.0,16.0,0.0,0.0,56.0,1.0,414.0,281.0,133.0,51.75,41.0,17.0,6.0,0.75,1.0,409.0,409.0,-1.0,0.0,0.0,51.125,51.125,10.097999572753906
113,Greg Dulcich,646.0,39.0,6.0,18.0,0.0,0.0,55.0,2.0,411.0,155.0,256.0,41.099998474121094,33.0,17.0,0.0,1.2000000476837158,2.0,411.0,411.0,-1.0,0.0,0.0,41.099998474121094,41.099998474121094,12.454999923706055
114,Devin Duvernay,697.0,31.0,6.0,19.0,0.0,0.0,49.0,3.0,407.0,156.0,251.0,29.071428298950195,37.0,17.0,12.0,1.7142857313156128,4.0,491.0,491.0,-1.0,0.0,0.0,35.07143020629883,35.07143020629883,11.0
115,Zach Ertz,781.0,32.0,2.0,24.0,0.0,0.0,69.0,4.0,406.0,130.0,276.0,40.599998474121094,47.0,17.0,0.0,2.4000000953674316,4.0,406.0,406.0,-1.0,2.0,2.0,40.599998474121094,40.599998474121094,8.637999534606934
116,Josh Jacobs,665.0,43.0,2.0,16.0,1.0,1.0,64.0,0.0,400.0,374.0,26.0,23.52941131591797,53.0,17.0,340.0,4.235294342041016,12.0,2053.0,2053.0,-1.0,0.0,0.0,120.76470947265625,120.76470947265625,7.546999931335449
117,Derrick Henry,563.0,69.0,6.0,11.0,2.0,1.0,41.0,0.0,398.0,386.0,12.0,24.875,33.0,17.0,351.0,4.875,14.0,1940.0,1936.0,-1.0,0.0,0.0,121.0,121.25,12.060999870300293
118,Nick Westbrook-Ikhine,627.0,63.0,5.0,18.0,0.0,0.0,50.0,3.0,397.0,112.0,285.0,23.352941513061523,25.0,17.0,0.0,1.058823585510254,3.0,397.0,397.0,-1.0,0.0,0.0,23.352941513061523,23.352941513061523,15.880000114440918
119,Aaron Jones,865.0,30.0,5.0,19.0,2.0,2.0,72.0,5.0,395.0,447.0,-52.0,23.235294342041016,59.0,17.0,213.0,2.470588207244873,7.0,1516.0,1516.0,-1.0,1.0,1.0,89.17646789550781,89.17646789550781,6.695000171661377
120,Isaiah Hodgins,717.0,29.0,4.0,24.0,1.0,1.0,48.0,4.0,392.0,88.0,304.0,39.20000076293945,37.0,12.0,0.0,2.4000000953674316,4.0,392.0,392.0,-1.0,1.0,1.0,39.20000076293945,39.20000076293945,10.595000267028809
121,Cade Otton,671.0,35.0,4.0,19.0,0.0,0.0,65.0,2.0,391.0,174.0,217.0,24.4375,42.0,17.0,0.0,0.75,2.0,391.0,391.0,-1.0,0.0,0.0,24.4375,24.4375,9.3100004196167
122,D'Andre Swift,734.0,25.0,5.0,17.0,1.0,0.0,70.0,3.0,389.0,454.0,-65.0,27.785715103149414,48.0,17.0,99.0,3.4285714626312256,8.0,931.0,931.0,-1.0,0.0,0.0,66.5,66.5,8.104000091552734
123,Darren Waller,633.0,34.0,9.0,18.0,0.0,0.0,43.0,3.0,388.0,80.0,308.0,43.11111068725586,28.0,17.0,0.0,2.0,3.0,388.0,388.0,-1.0,0.0,1.0,43.11111068725586,43.11111068725586,13.857000350952148
124,Marquise Goodwin,662.0,38.0,9.0,18.0,0.0,0.0,42.0,4.0,387.0,114.0,273.0,29.769229888916016,27.0,17.0,2.0,1.8461538553237915,4.0,392.0,392.0,-1.0,0.0,0.0,30.153846740722656,30.153846740722656,14.333000183105469
125,Ben Skowronek,571.0,32.0,5.0,16.0,0.0,0.0,61.0,0.0,376.0,137.0,239.0,26.85714340209961,39.0,17.0,1.0,0.4285714328289032,1.0,393.0,393.0,-1.0,0.0,0.0,28.071428298950195,28.071428298950195,9.640999794006348
126,Isaiah Likely,658.0,34.0,4.0,18.0,0.0,0.0,60.0,3.0,373.0,151.0,222.0,23.3125,36.0,17.0,0.0,1.125,3.0,373.0,373.0,-1.0,0.0,0.0,23.3125,23.3125,10.361000061035156
127,Tony Pollard,671.0,68.0,3.0,18.0,0.0,0.0,55.0,3.0,371.0,347.0,24.0,23.1875,39.0,17.0,193.0,4.5,12.0,1378.0,1378.0,-1.0,0.0,0.0,86.125,86.125,9.512999534606934
128,Van Jefferson,594.0,39.0,7.0,20.0,0.0,0.0,44.0,3.0,369.0,38.0,331.0,33.54545593261719,24.0,17.0,0.0,1.6363636255264282,3.0,369.0,369.0,-1.0,0.0,0.0,33.54545593261719,33.54545593261719,15.375
129,Nelson Agholor,587.0,44.0,6.0,12.0,2.0,2.0,53.0,2.0,362.0,144.0,218.0,22.625,31.0,17.0,0.0,0.75,2.0,362.0,362.0,-1.0,0.0,0.0,22.625,22.625,11.677000045776367
130,Mike Gesicki,697.0,32.0,5.0,19.0,0.0,0.0,52.0,5.0,362.0,97.0,265.0,21.294116973876953,32.0,17.0,0.0,1.7647058963775635,5.0,362.0,362.0,-1.0,0.0,1.0,21.294116973876953,21.294116973876953,11.312999725341797
131,Kyle Pitts,566.0,33.0,5.0,20.0,0.0,0.0,59.0,2.0,356.0,126.0,230.0,35.599998474121094,28.0,17.0,0.0,1.2000000476837158,2.0,356.0,356.0,-1.0,0.0,0.0,35.599998474121094,35.599998474121094,12.71399974822998
132,Quez Watkins,624.0,53.0,5.0,13.0,1.0,1.0,51.0,3.0,354.0,146.0,208.0,20.823530197143555,33.0,17.0,3.0,1.058823585510254,3.0,355.0,355.0,-1.0,0.0,0.0,20.882352828979492,20.882352828979492,10.72700023651123
133,Antonio Gibson,653.0,26.0,2.0,18.0,0.0,0.0,58.0,2.0,353.0,297.0,56.0,23.53333282470703,46.0,17.0,149.0,2.0,5.0,899.0,899.0,-1.0,0.0,0.0,59.93333435058594,59.93333435058594,7.673999786376953
134,Will Dissly,624.0,38.0,1.0,20.0,0.0,0.0,38.0,3.0,349.0,184.0,165.0,23.266666412353516,34.0,17.0,0.0,1.2000000476837158,3.0,349.0,349.0,-1.0,0.0,0.0,23.266666412353516,23.266666412353516,10.265000343322754
135,Allen Robinson II,609.0,29.0,3.0,23.0,0.0,0.0,52.0,3.0,339.0,71.0,268.0,33.900001525878906,33.0,17.0,0.0,1.7999999523162842,3.0,339.0,339.0,-1.0,0.0,0.0,33.900001525878906,33.900001525878906,10.27299976348877
136,Saquon Barkley,623.0,41.0,2.0,10.0,0.0,0.0,76.0,0.0,338.0,434.0,-96.0,21.125,57.0,17.0,295.0,3.75,10.0,1650.0,1650.0,-1.0,1.0,1.0,103.125,103.125,5.929999828338623
137,Hunter Renfrow,580.0,27.0,3.0,18.0,3.0,1.0,50.0,2.0,330.0,148.0,182.0,33.0,36.0,17.0,0.0,1.2000000476837158,2.0,330.0,330.0,-1.0,0.0,1.0,33.0,33.0,9.166999816894531
138,Sammy Watkins,405.0,55.0,7.0,11.0,1.0,1.0,27.0,0.0,325.0,126.0,199.0,27.08333396911621,16.0,17.0,0.0,0.0,0.0,325.0,325.0,-1.0,0.0,0.0,27.08333396911621,27.08333396911621,20.312999725341797
139,Logan Thomas,553.0,27.0,2.0,15.0,0.0,0.0,61.0,1.0,323.0,126.0,197.0,23.071428298950195,39.0,17.0,0.0,0.4285714328289032,1.0,323.0,323.0,-1.0,0.0,0.0,23.071428298950195,23.071428298950195,8.281999588012695
140,Equanimeous St. Brown,463.0,56.0,5.0,14.0,1.0,0.0,38.0,1.0,323.0,98.0,225.0,20.1875,21.0,17.0,6.0,0.375,1.0,377.0,377.0,-1.0,0.0,0.0,23.5625,23.5625,15.380999565124512
141,Colby Parkinson,517.0,39.0,5.0,14.0,0.0,0.0,34.0,2.0,322.0,150.0,172.0,18.941177368164062,25.0,17.0,0.0,0.7058823704719543,2.0,322.0,322.0,-1.0,0.0,0.0,18.941177368164062,18.941177368164062,12.880000114440918
142,David Montgomery,521.0,32.0,5.0,10.0,1.0,1.0,40.0,1.0,316.0,283.0,33.0,19.75,34.0,17.0,201.0,2.25,6.0,1117.0,1117.0,-1.0,0.0,0.0,69.8125,69.8125,9.293999671936035
143,Travis Etienne Jr.,491.0,30.0,6.0,16.0,2.0,0.0,45.0,0.0,316.0,354.0,-38.0,18.58823585510254,35.0,17.0,220.0,1.7647058963775635,5.0,1441.0,1441.0,-1.0,0.0,0.0,84.76470947265625,84.76470947265625,9.029000282287598
144,Justin Watson,460.0,67.0,6.0,12.0,0.0,0.0,34.0,2.0,315.0,60.0,255.0,18.52941131591797,15.0,17.0,0.0,0.7058823704719543,2.0,315.0,315.0,-1.0,0.0,0.0,18.52941131591797,18.52941131591797,21.0
145,Jelani Woods,542.0,36.0,4.0,16.0,1.0,0.0,40.0,3.0,312.0,120.0,192.0,20.799999237060547,25.0,17.0,0.0,1.2000000476837158,3.0,312.0,312.0,-1.0,0.0,0.0,20.799999237060547,20.799999237060547,12.479999542236328
146,Kendall Hinton,431.0,35.0,5.0,14.0,0.0,0.0,33.0,0.0,311.0,139.0,172.0,25.91666603088379,24.0,16.0,2.0,0.0,0.0,324.0,324.0,-1.0,0.0,0.0,27.0,27.0,12.958000183105469
147,Kylen Granson,457.0,32.0,3.0,17.0,1.0,0.0,40.0,0.0,302.0,127.0,175.0,23.230770111083984,31.0,17.0,1.0,0.0,0.0,302.0,302.0,-1.0,0.0,0.0,23.230770111083984,23.230770111083984,9.741999626159668
148,James Conner,565.0,22.0,2.0,13.0,0.0,0.0,58.0,1.0,300.0,376.0,-76.0,23.076923370361328,46.0,17.0,183.0,3.692307710647583,8.0,1082.0,1082.0,-1.0,0.0,0.0,83.23076629638672,83.23076629638672,6.521999835968018
149,Julio Jones,489.0,48.0,3.0,13.0,0.0,0.0,43.0,2.0,299.0,124.0,175.0,29.899999618530273,24.0,17.0,5.0,1.2000000476837158,2.0,344.0,344.0,-1.0,0.0,0.0,34.400001525878906,34.400001525878906,12.458000183105469
150,Noah Gray,474.0,27.0,3.0,14.0,0.0,0.0,34.0,1.0,299.0,182.0,117.0,17.58823585510254,28.0,17.0,1.0,0.7058823704719543,2.0,300.0,300.0,-1.0,0.0,0.0,17.647058486938477,17.647058486938477,10.678999900817871
151,Tutu Atwell,423.0,62.0,5.0,11.0,0.0,0.0,35.0,1.0,298.0,60.0,238.0,22.923076629638672,18.0,17.0,9.0,0.9230769276618958,2.0,332.0,332.0,-1.0,0.0,0.0,25.538461685180664,25.538461685180664,16.555999755859375
152,Mecole Hardman Jr.,562.0,36.0,5.0,14.0,0.0,0.0,34.0,4.0,297.0,160.0,137.0,37.125,25.0,17.0,4.0,4.5,6.0,328.0,328.0,-1.0,0.0,0.0,41.0,41.0,11.880000114440918
153,Shi Smith,476.0,38.0,6.0,14.0,1.0,1.0,41.0,2.0,296.0,132.0,164.0,17.41176414489746,22.0,17.0,0.0,0.7058823704719543,2.0,296.0,296.0,-1.0,0.0,1.0,17.41176414489746,17.41176414489746,13.454999923706055
154,Dalvin Cook,560.0,64.0,2.0,16.0,0.0,0.0,56.0,2.0,295.0,331.0,-36.0,17.352941513061523,39.0,17.0,265.0,3.529411792755127,10.0,1468.0,1468.0,-1.0,0.0,0.0,86.35294342041016,86.35294342041016,7.564000129699707
155,Rachaad White,610.0,20.0,1.0,13.0,1.0,1.0,58.0,2.0,290.0,319.0,-29.0,17.058822631835938,50.0,17.0,129.0,1.058823585510254,3.0,771.0,771.0,-1.0,0.0,0.0,45.35293960571289,45.35293960571289,5.800000190734863
156,Michael Carter,493.0,37.0,1.0,12.0,0.0,0.0,54.0,0.0,288.0,274.0,14.0,18.0,41.0,17.0,114.0,1.125,3.0,690.0,690.0,-1.0,0.0,0.0,43.125,43.125,7.02400016784668
157,Samaje Perine,617.0,32.0,2.0,11.0,0.0,0.0,51.0,4.0,287.0,321.0,-34.0,17.9375,38.0,16.0,95.0,2.25,6.0,681.0,681.0,-1.0,0.0,0.0,42.5625,42.5625,7.552999973297119
158,Rashod Bateman,430.0,75.0,5.0,7.0,1.0,1.0,28.0,2.0,285.0,133.0,152.0,40.71428680419922,15.0,17.0,0.0,1.7142857313156128,2.0,285.0,285.0,-1.0,0.0,0.0,40.71428680419922,40.71428680419922,19.0
159,Chosen Anderson,417.0,75.0,3.0,10.0,1.0,1.0,44.0,1.0,282.0,96.0,186.0,17.625,20.0,17.0,0.0,0.375,1.0,282.0,282.0,-1.0,0.0,0.0,17.625,17.625,14.100000381469727
160,Devin Singletary,505.0,22.0,1.0,15.0,0.0,0.0,52.0,1.0,280.0,257.0,23.0,17.5,38.0,16.0,177.0,2.25,6.0,1099.0,1099.0,-1.0,0.0,0.0,68.6875,68.6875,7.368000030517578
161,Tre'Quan Smith,408.0,48.0,4.0,14.0,0.0,0.0,27.0,1.0,278.0,66.0,212.0,18.53333282470703,19.0,17.0,0.0,0.4000000059604645,1.0,278.0,278.0,-1.0,0.0,0.0,18.53333282470703,18.53333282470703,14.631999969482422
162,Jarvis Landry,432.0,40.0,2.0,12.0,1.0,0.0,39.0,1.0,272.0,61.0,211.0,30.22222137451172,25.0,17.0,0.0,0.6666666865348816,1.0,272.0,272.0,-1.0,1.0,1.0,30.22222137451172,30.22222137451172,10.880000114440918
163,Laviska Shenault Jr.,442.0,67.0,3.0,10.0,0.0,0.0,32.0,1.0,272.0,330.0,-58.0,20.923076629638672,27.0,17.0,9.0,0.9230769276618958,2.0,337.0,337.0,-1.0,0.0,0.0,25.923076629638672,25.923076629638672,10.074000358581543
164,Damiere Byrd,403.0,75.0,3.0,9.0,0.0,0.0,23.0,2.0,268.0,105.0,163.0,19.14285659790039,13.0,17.0,0.0,0.8571428656578064,2.0,268.0,268.0,-1.0,0.0,0.0,19.14285659790039,19.14285659790039,20.614999771118164
165,Daniel Bellinger,488.0,24.0,2.0,14.0,1.0,1.0,35.0,2.0,268.0,144.0,124.0,22.33333396911621,30.0,17.0,1.0,1.5,3.0,270.0,270.0,-1.0,1.0,1.0,22.5,22.5,8.932999610900879
166,Trey McBride,445.0,29.0,3.0,12.0,1.0,0.0,39.0,1.0,265.0,117.0,148.0,16.5625,29.0,17.0,0.0,0.375,1.0,265.0,265.0,-1.0,0.0,0.0,16.5625,16.5625,9.137999534606934
167,Phillip Dorsett,392.0,34.0,5.0,11.0,0.0,0.0,40.0,1.0,257.0,62.0,195.0,17.133333206176758,20.0,17.0,1.0,0.4000000059604645,1.0,257.0,257.0,-1.0,0.0,0.0,17.133333206176758,17.133333206176758,12.850000381469727
168,Skyy Moore,360.0,30.0,2.0,13.0,0.0,0.0,33.0,0.0,250.0,148.0,102.0,15.625,22.0,17.0,3.0,0.0,0.0,274.0,274.0,-1.0,0.0,0.0,17.125,17.125,11.36400032043457
169,Tyquan Thornton,427.0,29.0,4.0,13.0,0.0,0.0,45.0,2.0,247.0,68.0,179.0,19.0,22.0,17.0,3.0,1.384615421295166,3.0,263.0,263.0,-1.0,0.0,0.0,20.230770111083984,20.230770111083984,11.22700023651123
170,Jonnu Smith,380.0,53.0,3.0,9.0,0.0,0.0,38.0,0.0,245.0,200.0,45.0,17.5,27.0,17.0,1.0,0.0,0.0,250.0,250.0,-1.0,0.0,0.0,17.85714340209961,17.85714340209961,9.074000358581543
171,Dante Pettis,445.0,51.0,2.0,9.0,0.0,0.0,41.0,3.0,245.0,63.0,182.0,14.411765098571777,19.0,17.0,2.0,1.058823585510254,3.0,282.0,282.0,-1.0,0.0,1.0,16.58823585510254,16.58823585510254,12.895000457763672
172,Ray-Ray McCloud III,348.0,42.0,5.0,11.0,0.0,0.0,25.0,1.0,243.0,92.0,151.0,14.29411792755127,14.0,17.0,4.0,0.7058823704719543,2.0,321.0,321.0,-1.0,0.0,0.0,18.882352828979492,18.882352828979492,17.35700035095215
173,Nyheim Hines,426.0,22.0,2.0,11.0,0.0,0.0,37.0,1.0,241.0,190.0,51.0,15.0625,30.0,17.0,24.0,0.75,2.0,274.0,274.0,-1.0,0.0,0.0,17.125,17.125,8.032999992370605
174,Nick Chubb,409.0,26.0,1.0,12.0,0.0,0.0,37.0,1.0,239.0,259.0,-20.0,14.058823585510254,27.0,17.0,302.0,4.588235378265381,13.0,1764.0,1764.0,-1.0,0.0,0.0,103.76470947265625,103.76470947265625,8.85200023651123
175,Harrison Bryant,429.0,30.0,1.0,12.0,0.0,0.0,42.0,1.0,239.0,113.0,126.0,14.058823585510254,31.0,17.0,1.0,0.3529411852359772,1.0,247.0,247.0,-1.0,0.0,1.0,14.529411315917969,14.529411315917969,7.710000038146973
176,A.J. Green,426.0,77.0,1.0,11.0,0.0,0.0,47.0,2.0,236.0,56.0,180.0,15.733333587646484,24.0,17.0,0.0,0.800000011920929,2.0,236.0,236.0,-1.0,1.0,2.0,15.733333587646484,15.733333587646484,9.833000183105469
177,C.J. Uzomah,407.0,40.0,4.0,10.0,0.0,0.0,27.0,2.0,232.0,105.0,127.0,15.466666221618652,21.0,17.0,0.0,0.800000011920929,2.0,232.0,232.0,-1.0,0.0,0.0,15.466666221618652,15.466666221618652,11.04800033569336
178,Trenton Irwin,446.0,45.0,3.0,12.0,0.0,0.0,23.0,4.0,231.0,59.0,172.0,25.66666603088379,15.0,9.0,1.0,2.6666667461395264,4.0,242.0,242.0,-1.0,0.0,0.0,26.88888931274414,26.88888931274414,15.399999618530273
179,Najee Harris,539.0,19.0,0.0,16.0,1.0,1.0,53.0,3.0,229.0,207.0,22.0,13.470588684082031,41.0,17.0,273.0,3.529411792755127,10.0,1267.0,1263.0,-1.0,0.0,0.0,74.29412078857422,74.52941131591797,5.585000038146973
180,Wan'Dale Robinson,377.0,19.0,0.0,13.0,0.0,0.0,31.0,1.0,227.0,126.0,101.0,37.83333206176758,23.0,17.0,2.0,1.0,1.0,226.0,226.0,-1.0,0.0,0.0,37.66666793823242,37.66666793823242,9.869999885559082
181,Melvin Gordon III,348.0,24.0,3.0,11.0,1.0,0.0,32.0,0.0,223.0,206.0,17.0,22.299999237060547,25.0,10.0,90.0,1.2000000476837158,2.0,541.0,541.0,-1.0,0.0,0.0,54.099998474121094,54.099998474121094,8.920000076293945
182,Breece Hall,348.0,79.0,2.0,8.0,1.0,1.0,31.0,1.0,218.0,171.0,47.0,31.14285659790039,19.0,17.0,80.0,4.285714149475098,5.0,681.0,681.0,-1.0,0.0,0.0,97.28571319580078,97.28571319580078,11.473999977111816
183,Brock Wright,446.0,51.0,3.0,13.0,0.0,0.0,24.0,4.0,216.0,165.0,51.0,12.70588207244873,18.0,17.0,0.0,1.4117647409439087,4.0,216.0,216.0,-1.0,0.0,0.0,12.70588207244873,12.70588207244873,12.0
184,Jaylen Warren,354.0,26.0,1.0,14.0,0.0,0.0,33.0,0.0,214.0,225.0,-11.0,13.375,28.0,17.0,77.0,0.375,1.0,593.0,593.0,-1.0,0.0,0.0,37.0625,37.0625,7.64300012588501
185,David Bell,334.0,20.0,1.0,7.0,0.0,0.0,35.0,0.0,214.0,75.0,139.0,13.375,24.0,17.0,0.0,0.0,0.0,214.0,214.0,-1.0,0.0,0.0,13.375,13.375,8.916999816894531
186,Ameer Abdullah,371.0,23.0,1.0,8.0,0.0,0.0,32.0,1.0,211.0,195.0,16.0,12.411765098571777,25.0,17.0,4.0,0.3529411852359772,1.0,231.0,231.0,-1.0,0.0,0.0,13.588234901428223,13.588234901428223,8.4399995803833
187,Kareem Hunt,420.0,24.0,1.0,11.0,0.0,0.0,44.0,1.0,210.0,243.0,-33.0,12.352941513061523,35.0,17.0,123.0,1.4117647409439087,4.0,678.0,678.0,-1.0,0.0,0.0,39.882354736328125,39.882354736328125,6.0
188,Deon Jackson,394.0,27.0,4.0,10.0,0.0,0.0,34.0,1.0,209.0,228.0,-19.0,13.0625,30.0,17.0,68.0,0.75,2.0,445.0,445.0,-1.0,0.0,0.0,27.8125,27.8125,6.9670000076293945
189,Adam Trautman,332.0,22.0,2.0,9.0,0.0,0.0,22.0,1.0,207.0,123.0,84.0,13.800000190734863,18.0,17.0,0.0,0.4000000059604645,1.0,207.0,207.0,-1.0,0.0,0.0,13.800000190734863,13.800000190734863,11.5
190,Ashton Dulin,317.0,39.0,2.0,12.0,0.0,0.0,22.0,1.0,207.0,35.0,172.0,17.25,15.0,17.0,2.0,0.5,1.0,215.0,215.0,-1.0,0.0,0.0,17.91666603088379,17.91666603088379,13.800000190734863
191,AJ Dillon,346.0,17.0,0.0,9.0,1.0,0.0,43.0,0.0,206.0,197.0,9.0,12.117647171020508,28.0,17.0,186.0,2.470588207244873,7.0,976.0,976.0,-1.0,0.0,0.0,57.411766052246094,57.411766052246094,7.35699987411499
192,Rex Burkhead,424.0,17.0,0.0,8.0,0.0,0.0,51.0,1.0,204.0,204.0,0.0,12.75,37.0,17.0,27.0,0.75,2.0,284.0,284.0,-1.0,0.0,0.0,17.75,17.75,5.513999938964844
193,Amari Rodgers,319.0,37.0,3.0,12.0,2.0,0.0,25.0,1.0,204.0,68.0,136.0,12.75,16.0,18.0,2.0,0.375,1.0,211.0,211.0,-1.0,0.0,1.0,13.1875,13.1875,12.75
194,Raheem Mostert,427.0,25.0,2.0,11.0,0.0,0.0,42.0,2.0,202.0,179.0,23.0,12.625,31.0,17.0,181.0,1.875,5.0,1093.0,1093.0,-1.0,0.0,0.0,68.3125,68.3125,6.515999794006348
195,KhaDarel Hodge,302.0,39.0,2.0,7.0,0.0,0.0,20.0,1.0,202.0,61.0,141.0,11.882352828979492,13.0,17.0,0.0,0.3529411852359772,1.0,202.0,202.0,-1.0,1.0,1.0,11.882352828979492,11.882352828979492,15.538000106811523
196,Kyle Juszczyk,330.0,35.0,3.0,9.0,0.0,0.0,23.0,1.0,200.0,149.0,51.0,12.5,19.0,17.0,7.0,0.75,2.0,226.0,226.0,-1.0,0.0,0.0,14.125,14.125,10.526000022888184
197,Ian Thomas,302.0,50.0,1.0,8.0,0.0,0.0,30.0,0.0,197.0,182.0,15.0,11.588234901428223,21.0,17.0,0.0,0.0,0.0,197.0,197.0,-1.0,0.0,0.0,11.588234901428223,11.588234901428223,9.380999565124512
198,Eno Benjamin,318.0,22.0,1.0,10.0,0.0,0.0,34.0,0.0,193.0,234.0,-41.0,12.866666793823242,25.0,18.0,77.0,0.800000011920929,2.0,506.0,506.0,-1.0,0.0,0.0,33.733333587646484,33.733333587646484,7.71999979019165
199,Mo Alie-Cox,389.0,34.0,1.0,9.0,1.0,1.0,28.0,3.0,189.0,99.0,90.0,11.117647171020508,19.0,17.0,0.0,1.058823585510254,3.0,189.0,189.0,-1.0,0.0,0.0,11.117647171020508,11.117647171020508,9.946999549865723
